"molecule_name","genus","species","tissue","extract","instrument","reference","wax","terokit_id","compound_class","abbv"
"beta_sitosterol","Quercus","suber","bark","chloroform","GC-FID-MS","Busta_et_al_2020","yes","TKC206028","6_6_6_5","bSIT"
"campesterol","Quercus","suber","bark","chloroform","GC-FID-MS","Busta_et_al_2020","yes","TKC111676","6_6_6_5","CAMP"
"lanosterol","Quercus","suber","bark","chloroform","GC-FID-MS","Busta_et_al_2020","yes","TKC057041","6_6_6_5","LAN"
"lupeol","Quercus","suber","bark","chloroform","GC-FID-MS","Busta_et_al_2020","yes","TKC121302","6_6_6_6_5","LUPol"
"betulinic_acid","Quercus","suber","bark","chloroform","GC-FID-MS","Busta_et_al_2020","yes","TKC055288","6_6_6_6_5","BETic"
"alpha_amyrin","Quercus","suber","bark","chloroform","GC-FID-MS","Busta_et_al_2020","yes","TKC145932","6_6_6_6_6","aA"
"uvaol","Quercus","suber","bark","chloroform","GC-FID-MS","Busta_et_al_2020","yes","TKC121325","6_6_6_6_6","UV"
"ursolic_acid","Quercus","suber","bark","chloroform","GC-FID-MS","Busta_et_al_2020","yes","TKC056482","6_6_6_6_6","UA"
"beta_amyrin","Quercus","suber","bark","chloroform","GC-FID-MS","Busta_et_al_2020","yes","TKC149653","6_6_6_6_6","bA"
"erythrodiol","Quercus","suber","bark","chloroform","GC-FID-MS","Busta_et_al_2020","yes","TKC120152","6_6_6_6_6","ERY"
"oleanolic_acid","Quercus","suber","bark","chloroform","GC-FID-MS","Busta_et_al_2020","yes","TKC022686","6_6_6_6_6","OL"
"taraxerol","Quercus","suber","bark","chloroform","GC-FID-MS","Busta_et_al_2020","yes","TKC121236","6_6_6_6_6","TARol"
"friedelin","Quercus","suber","bark","chloroform","GC-FID-MS","Busta_et_al_2020","yes","TKC053724","6_6_6_6_6","FRI"
"hydroxy_friedelin","Quercus","suber","bark","chloroform","GC-FID-MS","Busta_et_al_2020","yes","TKC053663","6_6_6_6_6","FRIoh"
"glutinol","Phyllostachys","aurea","leaf","chloroform","GC-FID-MS","Racovita_et_al_2016","yes","TKC053916","6_6_6_6_6","GL"
"beta_amyrin","Phyllostachys","aurea","leaf","chloroform","GC-FID-MS","Racovita_et_al_2016","yes","TKC149653","6_6_6_6_6","bA"
"alpha_amyrin","Phyllostachys","aurea","leaf","chloroform","GC-FID-MS","Racovita_et_al_2016","yes","TKC145932","6_6_6_6_6","aA"
"lupeol","Phyllostachys","aurea","leaf","chloroform","GC-FID-MS","Racovita_et_al_2016","yes","TKC121302","6_6_6_6_5","LUPol"
"isomultiflorenol","Phyllostachys","aurea","leaf","chloroform","GC-FID-MS","Racovita_et_al_2016","yes","TKC058089","6_6_6_6_6","IMF"
"carnaubadiol","Copernicia","prunifera","leaf","ethanol","APCI-MS/CC/TLC","Buana_et_al_2016","yes","TKC057822","6_6_6_5","CARN"
"(24r)_methyldammara_20_25_dien_3_one","Copernicia","prunifera","leaf","ethanol","APCI-MS/CC/TLC","Buana_et_al_2016","yes",NA,"6_6_6_5","DAMone"
"(24r)_methyldammara_20_25_dien_3a_ol","Copernicia","prunifera","leaf","ethanol","APCI-MS/CC/TLC","Buana_et_al_2016","yes",NA,"6_6_6_5","DAMol"
"ursolic_acid","Malus","pumila","fruit","acetone/ ethyl acetate","NMR","Szakiel_et_al_2012","yes","TKC056482","6_6_6_6_6","UA"
"2a_3a_dihydroxy_olean_12_en_28_oic_acid","Malus","pumila","fruit","acetone/ ethyl acetate","NMR","Szakiel_et_al_2012","yes","TKC050012","6_6_6_6_6","OL2ohen"
"2a_3a_dihydroxy_urs_12_en_28_oic_acid","Malus","pumila","fruit","ethyl acetate","NMR","Szakiel_et_al_2012","yes","TKC050012","6_6_6_6_6","UA2oh"
"corosolic_acid","Malus","pumila","fruit","ethyl acetate","NMR","Szakiel_et_al_2012","yes","TKC051120","6_6_6_6_6","CORO"
"ursolic_acid","Malus","pumila","fruit","ethyl acetate","NMR","Szakiel_et_al_2012","yes","TKC056482","6_6_6_6_6","UA"
"uvaol","Malus","pumila","fruit","ethyl acetate","NMR","Szakiel_et_al_2012","yes","TKC121325","6_6_6_6_6","UV"
"3b_cis_p_coumaroyloxy_2a_hydroxyolean_12_en_28_oic_acid","Malus","pumila","fruit","ethyl acetate","NMR","Szakiel_et_al_2012","yes","TKC102152","6_6_6_6_6","OLohccou"
"3b_cis_p_coumaroyloxy_2a_hydroxyurs_12_en_28_oic_acid","Malus","pumila","fruit","ethyl acetate","NMR","Szakiel_et_al_2012","yes","TKC102152","6_6_6_6_6","UA1ohencou"
"3b_28_dihydroxy_12_ursene","Malus","pumila","fruit","ethyl acetate","NMR","Szakiel_et_al_2012","yes",NA,"6_6_6_6_6","U2ohen"
"3b_13b_dihydroxyurs_11_en_28_oic_acid","Malus","pumila","fruit","ethyl acetate","NMR","Szakiel_et_al_2012","yes","TKC051160","6_6_6_6_6","UA2ohen"
"2a_hydroxy_3b_{[(2z)_3_phenyl_1_oxo_2_propenyl]oxy}olean_12_en_28_oic_acid","Malus","pumila","fruit","ethyl acetate","NMR","Szakiel_et_al_2012","yes","TKC050013","6_6_6_6_6","OLglcs"
"maslinic_acid","Malus","pumila","fruit","ethyl acetate","NMR","Szakiel_et_al_2012","yes","TKC050077","6_6_6_5","MAS"
"3b_trans_cinnamoyloxy_2a_hydroxyurs_12_en_28_oic_acid","Malus","pumila","fruit","ethyl acetate","NMR","Szakiel_et_al_2012","yes",NA,"6_6_6_6_6","UA1ohencin"
"3b_trans_cinnamoyloxy_2a_hydroxyolean_12_en_28_oic_acid","Malus","pumila","fruit","ethyl acetate","NMR","Szakiel_et_al_2012","yes",NA,"6_6_6_6_6","OLohcin"
"3b_trans_p_coumaroyloxy_2a_hydroxyolean_12_en_28_oic_acid","Malus","pumila","fruit","ethyl acetate","NMR","Szakiel_et_al_2012","yes","TKC102153","6_6_6_6_6","OLohtcou"
"3b_trans_p_coumaroyloxy_2a_hydroxyurs_12_en_28_oic_acid","Malus","pumila","fruit","ethyl acetate","NMR","Szakiel_et_al_2012","yes","TKC102153","6_6_6_6_6","UA1ohenpcin"
"2a_3b_13b_trihydroxyurs_11_en_28_oic_acid","Malus","pumila","fruit","ethyl acetate","NMR","Szakiel_et_al_2012","yes","TKC139326","6_6_6_6_6","UA3oh"
"ursolic_acid","Malus","domestica","fruit","ethanol","HPLC","Szakiel_et_al_2012","yes","TKC056482","6_6_6_6_6","UA"
"oleanolic_acid","Malus","domestica","fruit","ethanol","HPLC","Szakiel_et_al_2012","yes","TKC022686","6_6_6_6_6","OL"
"uvaol","Malus","domestica","fruit","ethanol","HPLC","Szakiel_et_al_2012","yes","TKC121325","6_6_6_6_6","UV"
"oleanolic_acid","Vitis","vinifera","fruit","methanol/ ethyl acetate/ chloroform","NMR/LC-MS","Szakiel_et_al_2012","yes","TKC022686","6_6_6_6_6","OL"
"oleanolic_aldehyde","Vitis","vinifera","fruit","methanol/ ethyl acetate/ chloroform","NMR/LC-MS","Szakiel_et_al_2012","yes","TKC058821","6_6_6_6_6","OLal"
"beta_sitosterol","Vitis","vinifera","fruit","methanol/ ethyl acetate/ chloroform","NMR/LC-MS","Szakiel_et_al_2012","yes","TKC206028","6_6_6_5","bSIT"
"beta_sitosterol_3_o_b_d_glucoside","Vitis","vinifera","fruit","methanol/ ethyl acetate/ chloroform","NMR/LC-MS","Szakiel_et_al_2012","yes","TKC104782","6_6_6_5","bSITglc"
"oleanolic_acid","Olea","europaea","fruit","chloroform","GC/GC-MS","Szakiel_et_al_2012","yes","TKC022686","6_6_6_6_6","OL"
"maslinic_acid","Olea","europaea","fruit","chloroform","GC/GC-MS","Szakiel_et_al_2012","yes","TKC050077","6_6_6_5","MAS"
"alpha_amyrin","Olea","europaea","fruit","chloroform","GC/GC-MS","Szakiel_et_al_2012","yes","TKC145932","6_6_6_6_6","aA"
"beta_amyrin","Olea","europaea","fruit","chloroform","GC/GC-MS","Szakiel_et_al_2012","yes","TKC149653","6_6_6_6_6","bA"
"betulinic_acid","Olea","europaea","fruit","chloroform","GC/GC-MS","Szakiel_et_al_2012","yes","TKC055288","6_6_6_6_5","BETic"
"erythrodiol","Olea","europaea","fruit","chloroform","GC/GC-MS","Szakiel_et_al_2012","yes","TKC120152","6_6_6_6_6","ERY"
"beta_sitosterol","Olea","europaea","fruit","chloroform","GC/GC-MS","Szakiel_et_al_2012","yes","TKC206028","6_6_6_5","bSIT"
"stigmasterol","Olea","europaea","fruit","chloroform","GC/GC-MS","Szakiel_et_al_2012","yes","TKC116570","6_6_6_5","STIGol"
"uvaol","Olea","europaea","fruit","chloroform","GC/GC-MS","Szakiel_et_al_2012","yes","TKC121325","6_6_6_6_6","UV"
"maslinic_acid","Olea","europaea","fruit","ethanol","GC/GC-MS","Szakiel_et_al_2012","yes","TKC050077","6_6_6_5","MAS"
"oleanolic_acid","Olea","europaea","fruit","ethanol","GC/GC-MS","Szakiel_et_al_2012","yes","TKC022686","6_6_6_6_6","OL"
"alpha_amyrin","Solanum","lycopersicum","fruit","methanol/chloroform","GC-MS","Szakiel_et_al_2012","yes","TKC145932","6_6_6_6_6","aA"
"beta_amyrin","Solanum","lycopersicum","fruit","methanol/chloroform","GC-MS","Szakiel_et_al_2012","yes","TKC149653","6_6_6_6_6","bA"
"delta_amyrin","Solanum","lycopersicum","fruit","methanol/chloroform","GC-MS","Szakiel_et_al_2012","yes","TKC149762","6_6_6_6_6","dA"
"bauerenol","Solanum","lycopersicum","fruit","methanol/chloroform","GC-MS","Szakiel_et_al_2012","yes","TKC062051","6_6_6_6_6","BAU"
"cycloartenol","Solanum","lycopersicum","fruit","methanol/chloroform","GC-MS","Szakiel_et_al_2012","yes","TKC047653","6_6_6_5","CYCA"
"germanicol","Solanum","lycopersicum","fruit","methanol/chloroform","GC-MS","Szakiel_et_al_2012","yes","TKC143571","6_6_6_6_6","GERol"
"lupeol","Solanum","lycopersicum","fruit","methanol/chloroform","GC-MS","Szakiel_et_al_2012","yes","TKC121302","6_6_6_6_5","LUPol"
"multiflorenol","Solanum","lycopersicum","fruit","methanol/chloroform","GC-MS","Szakiel_et_al_2012","yes","TKC058083","6_6_6_6_6","MF"
"beta_sitosterol","Solanum","lycopersicum","fruit","methanol/chloroform","GC-MS","Szakiel_et_al_2012","yes","TKC206028","6_6_6_5","bSIT"
"stigmasterol","Solanum","lycopersicum","fruit","methanol/chloroform","GC-MS","Szakiel_et_al_2012","yes","TKC116570","6_6_6_5","STIGol"
"taraxasterol","Solanum","lycopersicum","fruit","methanol/chloroform","GC-MS","Szakiel_et_al_2012","yes","TKC062528","6_6_6_6_6","TARSTol"
"psi_taraxasterol","Solanum","lycopersicum","fruit","methanol/chloroform","GC-MS","Szakiel_et_al_2012","yes","TKC062528","6_6_6_6_6","TARp"
"cholesterol","Solanum","lycopersicum","fruit","methanol/chloroform","GC-MS","Szakiel_et_al_2012","yes","TKC119193","6_6_6_5","CHOL"
"lanosterol","Solanum","lycopersicum","fruit","methanol/chloroform","GC-MS","Szakiel_et_al_2012","yes","TKC057041","6_6_6_5","LAN"
"alpha_amyrin","Solanum","lycopersicum","fruit","chloroform","GC-FID-MS","Yeats_et_al_2012","yes","TKC145932","6_6_6_6_6","aA"
"beta_amyrin","Solanum","lycopersicum","fruit","chloroform","GC-FID-MS","Yeats_et_al_2012","yes","TKC149653","6_6_6_6_6","bA"
"delta_amyrin","Solanum","lycopersicum","fruit","chloroform","GC-FID-MS","Yeats_et_al_2012","yes","TKC149762","6_6_6_6_6","dA"
"psi_taraxasterol","Solanum","lycopersicum","fruit","chloroform","GC-FID-MS","Yeats_et_al_2012","yes","TKC062528","6_6_6_6_6","TARp"
"taraxasterol","Solanum","lycopersicum","fruit","chloroform","GC-FID-MS","Yeats_et_al_2012","yes","TKC062528","6_6_6_6_6","TARSTol"
"alpha_amyrin","Solanum","pimpinellifolium","fruit","chloroform","GC-FID-MS","Yeats_et_al_2012","yes","TKC145932","6_6_6_6_6","aA"
"beta_amyrin","Solanum","pimpinellifolium","fruit","chloroform","GC-FID-MS","Yeats_et_al_2012","yes","TKC149653","6_6_6_6_6","bA"
"delta_amyrin","Solanum","pimpinellifolium","fruit","chloroform","GC-FID-MS","Yeats_et_al_2012","yes","TKC149762","6_6_6_6_6","dA"
"psi_taraxasterol","Solanum","pimpinellifolium","fruit","chloroform","GC-FID-MS","Yeats_et_al_2012","yes","TKC062528","6_6_6_6_6","TARp"
"taraxasterol","Solanum","pimpinellifolium","fruit","chloroform","GC-FID-MS","Yeats_et_al_2012","yes","TKC062528","6_6_6_6_6","TARSTol"
"alpha_amyrin","Solanum","cheesmaniae","fruit","chloroform","GC-FID-MS","Yeats_et_al_2012","yes","TKC145932","6_6_6_6_6","aA"
"beta_amyrin","Solanum","cheesmaniae","fruit","chloroform","GC-FID-MS","Yeats_et_al_2012","yes","TKC149653","6_6_6_6_6","bA"
"delta_amyrin","Solanum","cheesmaniae","fruit","chloroform","GC-FID-MS","Yeats_et_al_2012","yes","TKC149762","6_6_6_6_6","dA"
"psi_taraxasterol","Solanum","cheesmaniae","fruit","chloroform","GC-FID-MS","Yeats_et_al_2012","yes","TKC062528","6_6_6_6_6","TARp"
"taraxasterol","Solanum","cheesmaniae","fruit","chloroform","GC-FID-MS","Yeats_et_al_2012","yes","TKC062528","6_6_6_6_6","TARSTol"
"alpha_amyrin","Solanum","chmielewskii","fruit","chloroform","GC-FID-MS","Yeats_et_al_2012","yes","TKC145932","6_6_6_6_6","aA"
"beta_amyrin","Solanum","chmielewskii","fruit","chloroform","GC-FID-MS","Yeats_et_al_2012","yes","TKC149653","6_6_6_6_6","bA"
"delta_amyrin","Solanum","chmielewskii","fruit","chloroform","GC-FID-MS","Yeats_et_al_2012","yes","TKC149762","6_6_6_6_6","dA"
"psi_taraxasterol","Solanum","chmielewskii","fruit","chloroform","GC-FID-MS","Yeats_et_al_2012","yes","TKC062528","6_6_6_6_6","TARp"
"taraxasterol","Solanum","chmielewskii","fruit","chloroform","GC-FID-MS","Yeats_et_al_2012","yes","TKC062528","6_6_6_6_6","TARSTol"
"alpha_amyrin","Solanum","neorickii","fruit","chloroform","GC-FID-MS","Yeats_et_al_2012","yes","TKC145932","6_6_6_6_6","aA"
"beta_amyrin","Solanum","neorickii","fruit","chloroform","GC-FID-MS","Yeats_et_al_2012","yes","TKC149653","6_6_6_6_6","bA"
"delta_amyrin","Solanum","neorickii","fruit","chloroform","GC-FID-MS","Yeats_et_al_2012","yes","TKC149762","6_6_6_6_6","dA"
"psi_taraxasterol","Solanum","neorickii","fruit","chloroform","GC-FID-MS","Yeats_et_al_2012","yes","TKC062528","6_6_6_6_6","TARp"
"taraxasterol","Solanum","neorickii","fruit","chloroform","GC-FID-MS","Yeats_et_al_2012","yes","TKC062528","6_6_6_6_6","TARSTol"
"alpha_amyrin","Solanum","habrochaites","fruit","chloroform","GC-FID-MS","Yeats_et_al_2012","yes","TKC145932","6_6_6_6_6","aA"
"beta_amyrin","Solanum","habrochaites","fruit","chloroform","GC-FID-MS","Yeats_et_al_2012","yes","TKC149653","6_6_6_6_6","bA"
"delta_amyrin","Solanum","habrochaites","fruit","chloroform","GC-FID-MS","Yeats_et_al_2012","yes","TKC149762","6_6_6_6_6","dA"
"psi_taraxasterol","Solanum","habrochaites","fruit","chloroform","GC-FID-MS","Yeats_et_al_2012","yes","TKC062528","6_6_6_6_6","TARp"
"taraxasterol","Solanum","habrochaites","fruit","chloroform","GC-FID-MS","Yeats_et_al_2012","yes","TKC062528","6_6_6_6_6","TARSTol"
"lupeol","Quercus","suber","leaf","dichloromethane","GC-MS","Simoes_et_al_2020","yes","TKC121302","6_6_6_6_5","LUPol"
"friedelin","Quercus","suber","leaf","dichloromethane","GC-MS","Simoes_et_al_2020","yes","TKC053724","6_6_6_6_6","FRI"
"beta_amyrin","Quercus","suber","leaf","dichloromethane","GC-MS","Simoes_et_al_2020","yes","TKC149653","6_6_6_6_6","bA"
"betulin","Quercus","suber","leaf","dichloromethane","GC-MS","Simoes_et_al_2020","yes","TKC057394","6_6_6_6_5","BET2ol"
"oleanolic_acid","Quercus","suber","leaf","dichloromethane","GC-MS","Simoes_et_al_2020","yes","TKC022686","6_6_6_6_6","OL"
"betulinic_acid","Quercus","suber","leaf","dichloromethane","GC-MS","Simoes_et_al_2020","yes","TKC055288","6_6_6_6_5","BETic"
"ursolic_acid","Quercus","suber","leaf","dichloromethane","GC-MS","Simoes_et_al_2020","yes","TKC056482","6_6_6_6_6","UA"
"alpha_amyrin","Quercus","suber","leaf","dichloromethane","GC-MS","Simoes_et_al_2020","yes","TKC145932","6_6_6_6_6","aA"
"alpha_amyrin","Vaccinium","corymbosum","fruit","chloroform/hexane-ethyl acetate","GC-EI-MS","Kalvins_at_al_2019","yes","TKC145932","6_6_6_6_6","aA"
"beta_amyrin","Vaccinium","corymbosum","fruit","chloroform/hexane-ethyl acetate","GC-EI-MS","Kalvins_at_al_2019","yes","TKC149653","6_6_6_6_6","bA"
"ursolic_acid","Vaccinium","corymbosum","fruit","chloroform/hexane-ethyl acetate","GC-EI-MS","Kalvins_at_al_2019","yes","TKC056482","6_6_6_6_6","UA"
"lupeol","Vaccinium","corymbosum","fruit","chloroform/hexane-ethyl acetate","GC-EI-MS","Kalvins_at_al_2019","yes","TKC121302","6_6_6_6_5","LUPol"
"lanosterol","Vaccinium","corymbosum","fruit","chloroform/hexane-ethyl acetate","GC-EI-MS","Kalvins_at_al_2019","yes","TKC057041","6_6_6_5","LAN"
"alpha_amyrin","Vaccinium","corymbosum","fruit","chloroform","GC-EI-MS","Chu_et_al_2016","yes","TKC145932","6_6_6_6_6","aA"
"beta_amyrin","Vaccinium","corymbosum","fruit","chloroform","GC-EI-MS","Chu_et_al_2016","yes","TKC149653","6_6_6_6_6","bA"
"lupeol","Vaccinium","corymbosum","fruit","chloroform","GC-EI-MS","Chu_et_al_2016","yes","TKC121302","6_6_6_6_5","LUPol"
"oleanolic_acid","Vaccinium","corymbosum","fruit","chloroform","GC-EI-MS","Chu_et_al_2016","yes","TKC022686","6_6_6_6_6","OL"
"ursolic_acid","Vaccinium","corymbosum","fruit","chloroform","GC-EI-MS","Chu_et_al_2016","yes","TKC056482","6_6_6_6_6","UA"
"alpha_amyrin","Vaccinium","ashei","fruit","chloroform","GC-EI-MS","Chu_et_al_2016","yes","TKC145932","6_6_6_6_6","aA"
"beta_amyrin","Vaccinium","ashei","fruit","chloroform","GC-EI-MS","Chu_et_al_2016","yes","TKC149653","6_6_6_6_6","bA"
"lupeol","Vaccinium","ashei","fruit","chloroform","GC-EI-MS","Chu_et_al_2016","yes","TKC121302","6_6_6_6_5","LUPol"
"oleanolic_acid","Vaccinium","ashei","fruit","chloroform","GC-EI-MS","Chu_et_al_2016","yes","TKC022686","6_6_6_6_6","OL"
"ursolic_acid","Vaccinium","ashei","fruit","chloroform","GC-EI-MS","Chu_et_al_2016","yes","TKC056482","6_6_6_6_6","UA"
"oleanolic_acid","Vitis","vinifera","fruit","chloroform","GC-FID-MS/HPLC","Pensec_et_al_2014","yes","TKC022686","6_6_6_6_6","OL"
"oleanolic_aldehyde","Vitis","vinifera","fruit","chloroform","GC-FID-MS/HPLC","Pensec_et_al_2014","yes","TKC058821","6_6_6_6_6","OLal"
"3_12_oleandione","Vitis","vinifera","fruit","chloroform","GC-FID-MS/HPLC","Pensec_et_al_2014","yes","TKC089321","6_6_6_6_6","OL2one"
"oleanolic_acid_methyl_ester","Vitis","vinifera","fruit","chloroform","GC-FID-MS/HPLC","Pensec_et_al_2014","yes","TKC077696","6_6_6_6_6","OLme"
"ursolic_acid_methyl_ester","Vitis","vinifera","fruit","chloroform","GC-FID-MS/HPLC","Pensec_et_al_2014","yes","TKC056512","6_6_6_6_6","UAme"
"alpha_amyrin","Vitis","vinifera","fruit","chloroform","GC-FID-MS/HPLC","Pensec_et_al_2014","yes","TKC145932","6_6_6_6_6","aA"
"alpha_amyrenone","Vitis","vinifera","fruit","chloroform","GC-FID-MS/HPLC","Pensec_et_al_2014","yes","TKC065524","6_6_6_6_6","aAone"
"beta_amyrin","Vitis","vinifera","fruit","chloroform","GC-FID-MS/HPLC","Pensec_et_al_2014","yes","TKC149653","6_6_6_6_6","bA"
"erythrodiol","Vitis","vinifera","fruit","chloroform","GC-FID-MS/HPLC","Pensec_et_al_2014","yes","TKC120152","6_6_6_6_6","ERY"
"lupeol","Vitis","vinifera","fruit","chloroform","GC-FID-MS/HPLC","Pensec_et_al_2014","yes","TKC121302","6_6_6_6_5","LUPol"
"lupeol_acetate","Vitis","vinifera","fruit","chloroform","GC-FID-MS/HPLC","Pensec_et_al_2014","yes","TKC146280","6_6_6_6_5","LUPace"
"germanicol","Vitis","vinifera","fruit","chloroform","GC-FID-MS/HPLC","Pensec_et_al_2014","yes","TKC143571","6_6_6_6_6","GERol"
"cycloartenol","Vitis","vinifera","fruit","chloroform","GC-FID-MS/HPLC","Pensec_et_al_2014","yes","TKC047653","6_6_6_5","CYCA"
"24_methylenecycloartanol","Vitis","vinifera","fruit","chloroform","GC-FID-MS/HPLC","Pensec_et_al_2014","yes","TKC121985","6_6_6_5","CYCAme"
"campesterol","Vitis","vinifera","fruit","chloroform","GC-FID-MS/HPLC","Pensec_et_al_2014","yes","TKC111676","6_6_6_5","CAMP"
"beta_sitosterol","Vitis","vinifera","fruit","chloroform","GC-FID-MS/HPLC","Pensec_et_al_2014","yes","TKC116693","6_6_6_5","SITs"
"stigmasterol","Vitis","vinifera","fruit","chloroform","GC-FID-MS/HPLC","Pensec_et_al_2014","yes","TKC116570","6_6_6_5","STIGol"
"stigmasta_3_5_dien_7_one","Vitis","vinifera","fruit","chloroform","GC-FID-MS/HPLC","Pensec_et_al_2014","yes","TKC116403","6_6_6_5","STIG2enone"
"cholesterol","Vitis","vinifera","fruit","chloroform","GC-FID-MS/HPLC","Pensec_et_al_2014","yes","TKC119193","6_6_6_5","CHOL"
"methyl_4(23)_dihydro_nyctanthic_acid_(dnam)","Hoya","naumanii","leaf","methanol/chloroform","TLC/GC/GC-MS","Baas_et_al_1991","yes",NA,"0_6_6_6_6","DNAM"
"methyl_dihydrocanaric_acid_(dcam)","Hoya","naumanii","leaf","methanol/chloroform","TLC/GC/GC-MS","Baas_et_al_1991","yes",NA,"0_6_6_6_6","DCAM"
"methyl_3_4_seco_urs__12_en_3_oate_(dram)","Hoya","naumanii","leaf","methanol/chloroform","TLC/GC/GC-MS","Baas_et_al_1991","yes",NA,"0_6_6_6_6","DRAM"
"methyl_4(23)_dihydro_lacunosic_acid_(dlam)","Hoya","naumanii","leaf","methanol/chloroform","TLC/GC/GC-MS","Baas_et_al_1991","yes",NA,"0_6_6_6_6","DLAM"
"alpha_amyrin","Hoya","naumanii","leaf","methanol/chloroform","TLC/GC/GC-MS","Baas_et_al_1991","yes","TKC145932","6_6_6_6_6","aA"
"beta_amyrin","Hoya","naumanii","leaf","methanol/chloroform","TLC/GC/GC-MS","Baas_et_al_1991","yes","TKC149653","6_6_6_6_6","bA"
"lupeol","Hoya","naumanii","leaf","methanol/chloroform","TLC/GC/GC-MS","Baas_et_al_1991","yes","TKC121302","6_6_6_6_5","LUPol"
"alpha_amyrin","Vaccinium","vitis-idaea","fruit","diethyl ether/ chloroform/ methanol","GC-FID-MS","Dashbaldan_et_al_2019","yes","TKC145932","6_6_6_6_6","aA"
"lupeol","Vaccinium","vitis-idaea","fruit","diethyl ether/ chloroform/ methanol","GC-FID-MS","Dashbaldan_et_al_2019","yes","TKC121302","6_6_6_6_5","LUPol"
"beta_amyrin","Vaccinium","vitis-idaea","fruit","diethyl ether/ chloroform/ methanol","GC-FID-MS","Dashbaldan_et_al_2019","yes","TKC149653","6_6_6_6_6","bA"
"betulin","Vaccinium","vitis-idaea","fruit","diethyl ether/ chloroform/ methanol","GC-FID-MS","Dashbaldan_et_al_2019","yes","TKC057394","6_6_6_6_5","BET2ol"
"erythrodiol","Vaccinium","vitis-idaea","fruit","diethyl ether/ chloroform/ methanol","GC-FID-MS","Dashbaldan_et_al_2019","yes","TKC120152","6_6_6_6_6","ERY"
"fernenol","Vaccinium","vitis-idaea","fruit","diethyl ether/ chloroform/ methanol","GC-FID-MS","Dashbaldan_et_al_2019","yes","TKC053551","6_6_6_6_5","FERNol"
"friedelin","Vaccinium","vitis-idaea","fruit","diethyl ether/ chloroform/ methanol","GC-FID-MS","Dashbaldan_et_al_2019","yes","TKC053724","6_6_6_6_6","FRI"
"oleanolic_aldehyde","Vaccinium","vitis-idaea","fruit","diethyl ether/ chloroform/ methanol","GC-FID-MS","Dashbaldan_et_al_2019","yes","TKC058821","6_6_6_6_6","OLal"
"svertenol","Vaccinium","vitis-idaea","fruit","diethyl ether/ chloroform/ methanol","GC-FID-MS","Dashbaldan_et_al_2019","yes",NA,"6_6_6_6_6","SVER"
"taraxasterol","Vaccinium","vitis-idaea","fruit","diethyl ether/ chloroform/ methanol","GC-FID-MS","Dashbaldan_et_al_2019","yes","TKC062528","6_6_6_6_6","TARSTol"
"ursolic_aldehyde","Vaccinium","vitis-idaea","fruit","diethyl ether/ chloroform/ methanol","GC-FID-MS","Dashbaldan_et_al_2019","yes","TKC065382","6_6_6_6_6","UAal"
"uvaol","Vaccinium","vitis-idaea","fruit","diethyl ether/ chloroform/ methanol","GC-FID-MS","Dashbaldan_et_al_2019","yes","TKC121325","6_6_6_6_6","UV"
"oleanolic_acid","Vaccinium","vitis-idaea","fruit","diethyl ether/ chloroform/ methanol","GC-FID-MS","Dashbaldan_et_al_2019","yes","TKC022686","6_6_6_6_6","OL"
"ursolic_acid","Vaccinium","vitis-idaea","fruit","diethyl ether/ chloroform/ methanol","GC-FID-MS","Dashbaldan_et_al_2019","yes","TKC056482","6_6_6_6_6","UA"
"campesterol","Vaccinium","vitis-idaea","fruit","diethyl ether/ chloroform/ methanol","GC-FID-MS","Dashbaldan_et_al_2019","yes","TKC111676","6_6_6_5","CAMP"
"cycloartenol","Vaccinium","vitis-idaea","fruit","diethyl ether/ chloroform/ methanol","GC-FID-MS","Dashbaldan_et_al_2019","yes","TKC047653","6_6_6_5","CYCA"
"24_methylenecycloartanol","Vaccinium","vitis-idaea","fruit","diethyl ether/ chloroform/ methanol","GC-FID-MS","Dashbaldan_et_al_2019","yes","TKC121985","6_6_6_5","CYCAme"
"sitostanol","Vaccinium","vitis-idaea","fruit","diethyl ether/ chloroform/ methanol","GC-FID-MS","Dashbaldan_et_al_2019","yes","TKC116536","6_6_6_5","SITn"
"beta_sitosterol","Vaccinium","vitis-idaea","fruit","diethyl ether/ chloroform/ methanol","GC-FID-MS","Dashbaldan_et_al_2019","yes","TKC116693","6_6_6_5","SITs"
"stigmasterol","Vaccinium","vitis-idaea","fruit","diethyl ether/ chloroform/ methanol","GC-FID-MS","Dashbaldan_et_al_2019","yes","TKC116570","6_6_6_5","STIGol"
"tremulone","Vaccinium","vitis-idaea","fruit","diethyl ether/ chloroform/ methanol","GC-FID-MS","Dashbaldan_et_al_2019","yes","TKC116458","6_6_6_5","TREM"
"alpha_amyrin","Vaccinium","myrtillus","fruit","diethyl ether/ chloroform/ methanol","GC-FID-MS","Dashbaldan_et_al_2019","yes","TKC145932","6_6_6_6_6","aA"
"lupeol","Vaccinium","myrtillus","fruit","diethyl ether/ chloroform/ methanol","GC-FID-MS","Dashbaldan_et_al_2019","yes","TKC121302","6_6_6_6_5","LUPol"
"alpha_amyrenone","Vaccinium","myrtillus","fruit","diethyl ether/ chloroform/ methanol","GC-FID-MS","Dashbaldan_et_al_2019","yes","TKC065524","6_6_6_6_6","aAone"
"beta_amyrin","Vaccinium","myrtillus","fruit","diethyl ether/ chloroform/ methanol","GC-FID-MS","Dashbaldan_et_al_2019","yes","TKC149653","6_6_6_6_6","bA"
"bauerenol","Vaccinium","myrtillus","fruit","diethyl ether/ chloroform/ methanol","GC-FID-MS","Dashbaldan_et_al_2019","yes","TKC062051","6_6_6_6_6","BAU"
"taraxasterol","Vaccinium","myrtillus","fruit","diethyl ether/ chloroform/ methanol","GC-FID-MS","Dashbaldan_et_al_2019","yes","TKC062528","6_6_6_6_6","TARSTol"
"oleanolic_acid","Vaccinium","myrtillus","fruit","diethyl ether/ chloroform/ methanol","GC-FID-MS","Dashbaldan_et_al_2019","yes","TKC022686","6_6_6_6_6","OL"
"ursolic_acid","Vaccinium","myrtillus","fruit","diethyl ether/ chloroform/ methanol","GC-FID-MS","Dashbaldan_et_al_2019","yes","TKC056482","6_6_6_6_6","UA"
"3_oxo_oleanolic_acid","Vaccinium","myrtillus","fruit","diethyl ether/ chloroform/ methanol","GC-FID-MS","Dashbaldan_et_al_2019","yes","TKC060881","6_6_6_6_6","OLoxo"
"maslinic_acid","Vaccinium","myrtillus","fruit","diethyl ether/ chloroform/ methanol","GC-FID-MS","Dashbaldan_et_al_2019","yes","TKC050077","6_6_6_5","MAS"
"corosolic_acid","Vaccinium","myrtillus","fruit","diethyl ether/ chloroform/ methanol","GC-FID-MS","Dashbaldan_et_al_2019","yes","TKC051120","6_6_6_6_6","CORO"
"oleanolic_acid_acetate","Vaccinium","myrtillus","fruit","diethyl ether/ chloroform/ methanol","GC-FID-MS","Dashbaldan_et_al_2019","yes","TKC055833","6_6_6_6_6","OLace"
"campesterol","Vaccinium","myrtillus","fruit","diethyl ether/ chloroform/ methanol","GC-FID-MS","Dashbaldan_et_al_2019","yes","TKC111676","6_6_6_5","CAMP"
"cycloartenol","Vaccinium","myrtillus","fruit","diethyl ether/ chloroform/ methanol","GC-FID-MS","Dashbaldan_et_al_2019","yes","TKC047653","6_6_6_5","CYCA"
"24_methylenecycloartanol","Vaccinium","myrtillus","fruit","diethyl ether/ chloroform/ methanol","GC-FID-MS","Dashbaldan_et_al_2019","yes","TKC121985","6_6_6_5","CYCAme"
"sitostanol","Vaccinium","myrtillus","fruit","diethyl ether/ chloroform/ methanol","GC-FID-MS","Dashbaldan_et_al_2019","yes","TKC116536","6_6_6_5","SITn"
"beta_sitosterol","Vaccinium","myrtillus","fruit","diethyl ether/ chloroform/ methanol","GC-FID-MS","Dashbaldan_et_al_2019","yes","TKC116693","6_6_6_5","SITs"
"stigmasterol","Vaccinium","myrtillus","fruit","diethyl ether/ chloroform/ methanol","GC-FID-MS","Dashbaldan_et_al_2019","yes","TKC116570","6_6_6_5","STIGol"
"tremulone","Vaccinium","myrtillus","fruit","diethyl ether/ chloroform/ methanol","GC-FID-MS","Dashbaldan_et_al_2019","yes","TKC116458","6_6_6_5","TREM"
"alpha_amyrin","Arbutus","unedo","fruit","diethyl ether/ chloroform/ methanol","GC-FID-MS","Dashbaldan_et_al_2019","yes","TKC145932","6_6_6_6_6","aA"
"lupeol","Arbutus","unedo","fruit","diethyl ether/ chloroform/ methanol","GC-FID-MS","Dashbaldan_et_al_2019","yes","TKC121302","6_6_6_6_5","LUPol"
"beta_amyrin","Arbutus","unedo","fruit","diethyl ether/ chloroform/ methanol","GC-FID-MS","Dashbaldan_et_al_2019","yes","TKC149653","6_6_6_6_6","bA"
"alpha_amyrenone","Arbutus","unedo","fruit","diethyl ether/ chloroform/ methanol","GC-FID-MS","Dashbaldan_et_al_2019","yes","TKC065524","6_6_6_6_6","aAone"
"betulin","Arbutus","unedo","fruit","diethyl ether/ chloroform/ methanol","GC-FID-MS","Dashbaldan_et_al_2019","yes","TKC057394","6_6_6_6_5","BET2ol"
"erythrodiol","Arbutus","unedo","fruit","diethyl ether/ chloroform/ methanol","GC-FID-MS","Dashbaldan_et_al_2019","yes","TKC120152","6_6_6_6_6","ERY"
"lupeol_acetate","Arbutus","unedo","fruit","diethyl ether/ chloroform/ methanol","GC-FID-MS","Dashbaldan_et_al_2019","yes","TKC146280","6_6_6_6_5","LUPace"
"moretenol","Arbutus","unedo","fruit","diethyl ether/ chloroform/ methanol","GC-FID-MS","Dashbaldan_et_al_2019","yes","TKC054873","6_6_6_6_5","MOR"
"3_12_oleandione","Arbutus","unedo","fruit","diethyl ether/ chloroform/ methanol","GC-FID-MS","Dashbaldan_et_al_2019","yes","TKC089321","6_6_6_6_6","OL2one"
"oleanolic_aldehyde","Arbutus","unedo","fruit","diethyl ether/ chloroform/ methanol","GC-FID-MS","Dashbaldan_et_al_2019","yes","TKC058821","6_6_6_6_6","OLal"
"taraxasterol","Arbutus","unedo","fruit","diethyl ether/ chloroform/ methanol","GC-FID-MS","Dashbaldan_et_al_2019","yes","TKC062528","6_6_6_6_6","TARSTol"
"ursolic_aldehyde","Arbutus","unedo","fruit","diethyl ether/ chloroform/ methanol","GC-FID-MS","Dashbaldan_et_al_2019","yes","TKC065382","6_6_6_6_6","UAal"
"uvaol","Arbutus","unedo","fruit","diethyl ether/ chloroform/ methanol","GC-FID-MS","Dashbaldan_et_al_2019","yes","TKC121325","6_6_6_6_6","UV"
"oleanolic_acid","Arbutus","unedo","fruit","diethyl ether/ chloroform/ methanol","GC-FID-MS","Dashbaldan_et_al_2019","yes","TKC022686","6_6_6_6_6","OL"
"ursolic_acid","Arbutus","unedo","fruit","diethyl ether/ chloroform/ methanol","GC-FID-MS","Dashbaldan_et_al_2019","yes","TKC056482","6_6_6_6_6","UA"
"3_oxo_oleanolic_acid","Arbutus","unedo","fruit","diethyl ether/ chloroform/ methanol","GC-FID-MS","Dashbaldan_et_al_2019","yes","TKC060881","6_6_6_6_6","OLoxo"
"maslinic_acid","Arbutus","unedo","fruit","diethyl ether/ chloroform/ methanol","GC-FID-MS","Dashbaldan_et_al_2019","yes","TKC050077","6_6_6_5","MAS"
"corosolic_acid","Arbutus","unedo","fruit","diethyl ether/ chloroform/ methanol","GC-FID-MS","Dashbaldan_et_al_2019","yes","TKC051120","6_6_6_6_6","CORO"
"pomolic_acid","Arbutus","unedo","fruit","diethyl ether/ chloroform/ methanol","GC-FID-MS","Dashbaldan_et_al_2019","yes","TKC121242","6_6_6_6_6","POM"
"campesterol","Arbutus","unedo","fruit","diethyl ether/ chloroform/ methanol","GC-FID-MS","Dashbaldan_et_al_2019","yes","TKC111676","6_6_6_5","CAMP"
"cycloartenol","Arbutus","unedo","fruit","diethyl ether/ chloroform/ methanol","GC-FID-MS","Dashbaldan_et_al_2019","yes","TKC047653","6_6_6_5","CYCA"
"beta_sitosterol","Arbutus","unedo","fruit","diethyl ether/ chloroform/ methanol","GC-FID-MS","Dashbaldan_et_al_2019","yes","TKC116693","6_6_6_5","SITs"
"stigmasterol","Arbutus","unedo","fruit","diethyl ether/ chloroform/ methanol","GC-FID-MS","Dashbaldan_et_al_2019","yes","TKC116570","6_6_6_5","STIGol"
"tremulone","Arbutus","unedo","fruit","diethyl ether/ chloroform/ methanol","GC-FID-MS","Dashbaldan_et_al_2019","yes","TKC116458","6_6_6_5","TREM"
"alpha_amyrin","Lonicera","caerulea","fruit","diethyl ether/ chloroform/ methanol","GC-FID-MS","Dashbaldan_et_al_2019","yes","TKC145932","6_6_6_6_6","aA"
"beta_amyrin","Lonicera","caerulea","fruit","diethyl ether/ chloroform/ methanol","GC-FID-MS","Dashbaldan_et_al_2019","yes","TKC149653","6_6_6_6_6","bA"
"oleanolic_acid","Lonicera","caerulea","fruit","diethyl ether/ chloroform/ methanol","GC-FID-MS","Dashbaldan_et_al_2019","yes","TKC022686","6_6_6_6_6","OL"
"ursolic_acid","Lonicera","caerulea","fruit","diethyl ether/ chloroform/ methanol","GC-FID-MS","Dashbaldan_et_al_2019","yes","TKC056482","6_6_6_6_6","UA"
"campesterol","Lonicera","caerulea","fruit","diethyl ether/ chloroform/ methanol","GC-FID-MS","Dashbaldan_et_al_2019","yes","TKC111676","6_6_6_5","CAMP"
"cholesterol","Lonicera","caerulea","fruit","diethyl ether/ chloroform/ methanol","GC-FID-MS","Dashbaldan_et_al_2019","yes","TKC119193","6_6_6_5","CHOL"
"cycloartenol","Lonicera","caerulea","fruit","diethyl ether/ chloroform/ methanol","GC-FID-MS","Dashbaldan_et_al_2019","yes","TKC047653","6_6_6_5","CYCA"
"cycloartenediol","Lonicera","caerulea","fruit","diethyl ether/ chloroform/ methanol","GC-FID-MS","Dashbaldan_et_al_2019","yes",NA,"6_6_6_5","CYCA2ol"
"beta_sitosterol","Lonicera","caerulea","fruit","diethyl ether/ chloroform/ methanol","GC-FID-MS","Dashbaldan_et_al_2019","yes","TKC116693","6_6_6_5","SITs"
"stigmasterol","Lonicera","caerulea","fruit","diethyl ether/ chloroform/ methanol","GC-FID-MS","Dashbaldan_et_al_2019","yes","TKC116570","6_6_6_5","STIGol"
"tremulone","Lonicera","caerulea","fruit","diethyl ether/ chloroform/ methanol","GC-FID-MS","Dashbaldan_et_al_2019","yes","TKC116458","6_6_6_5","TREM"
"uvaol","Malus","domestica","fruit","chloroform","GC-EI-MS","Leide_at_al_2018","yes","TKC121325","6_6_6_6_6","UV"
"ursolic_acid","Malus","domestica","fruit","chloroform","GC-EI-MS","Leide_at_al_2018","yes","TKC056482","6_6_6_6_6","UA"
"oleanolic_acid","Malus","domestica","fruit","chloroform","GC-EI-MS","Leide_at_al_2018","yes","TKC022686","6_6_6_6_6","OL"
"hederagenin","Malus","domestica","fruit","chloroform","GC-EI-MS","Leide_at_al_2018","yes","TKC071640","6_6_6_6_6","HED"
"maslinic_acid","Malus","domestica","fruit","chloroform","GC-EI-MS","Leide_at_al_2018","yes","TKC050077","6_6_6_5","MAS"
"gypsogenin","Malus","domestica","fruit","chloroform","GC-EI-MS","Leide_at_al_2018","yes","TKC076350","6_6_6_6_6","GYP"
"echinocystic_acid","Malus","domestica","fruit","chloroform","GC-EI-MS","Leide_at_al_2018","yes","TKC212386","6_6_6_6_6","ECH"
"alpha_amyrin","Artemisia","annua","leaf","methanol","GC-EI-MS","Moses_et_al_2015","yes","TKC145932","6_6_6_6_6","aA"
"beta_amyrin","Artemisia","annua","leaf","methanol","GC-EI-MS","Moses_et_al_2015","yes","TKC149653","6_6_6_6_6","bA"
"alpha_amyrenone","Artemisia","annua","leaf","methanol","GC-EI-MS","Moses_et_al_2015","yes","TKC065524","6_6_6_6_6","aAone"
"alpha_amyrin","Calluna","vulgaris","flower","chloroform","GC-FID-MS","Szakiel_et_al_2013","yes","TKC145932","6_6_6_6_6","aA"
"alpha_amyrenone","Calluna","vulgaris","flower","chloroform","GC-FID-MS","Szakiel_et_al_2013","yes","TKC065524","6_6_6_6_6","aAone"
"beta_amyrin","Calluna","vulgaris","flower","chloroform","GC-FID-MS","Szakiel_et_al_2013","yes","TKC149653","6_6_6_6_6","bA"
"betulin","Calluna","vulgaris","flower","chloroform","GC-FID-MS","Szakiel_et_al_2013","yes","TKC057394","6_6_6_6_5","BET2ol"
"cycloartenol","Calluna","vulgaris","flower","chloroform","GC-FID-MS","Szakiel_et_al_2013","yes","TKC047653","6_6_6_5","CYCA"
"24_methylenecycloartanol","Calluna","vulgaris","flower","chloroform","GC-FID-MS","Szakiel_et_al_2013","yes","TKC121985","6_6_6_5","CYCAme"
"erythrodiol","Calluna","vulgaris","flower","chloroform","GC-FID-MS","Szakiel_et_al_2013","yes","TKC120152","6_6_6_6_6","ERY"
"friedelin","Calluna","vulgaris","flower","chloroform","GC-FID-MS","Szakiel_et_al_2013","yes","TKC053724","6_6_6_6_6","FRI"
"germanicol","Calluna","vulgaris","flower","chloroform","GC-FID-MS","Szakiel_et_al_2013","yes","TKC143571","6_6_6_6_6","GERol"
"lupeol","Calluna","vulgaris","flower","chloroform","GC-FID-MS","Szakiel_et_al_2013","yes","TKC121302","6_6_6_6_5","LUPol"
"oleanolic_aldehyde","Calluna","vulgaris","flower","chloroform","GC-FID-MS","Szakiel_et_al_2013","yes","TKC058821","6_6_6_6_6","OLal"
"taraxasterol","Calluna","vulgaris","flower","chloroform","GC-FID-MS","Szakiel_et_al_2013","yes","TKC062528","6_6_6_6_6","TARSTol"
"taraxasterone","Calluna","vulgaris","flower","chloroform","GC-FID-MS","Szakiel_et_al_2013","yes","TKC062533","6_6_6_6_6","TARSTone"
"ursolic_aldehyde","Calluna","vulgaris","flower","chloroform","GC-FID-MS","Szakiel_et_al_2013","yes","TKC065382","6_6_6_6_6","UAal"
"uvaol","Calluna","vulgaris","flower","chloroform","GC-FID-MS","Szakiel_et_al_2013","yes","TKC121325","6_6_6_6_6","UV"
"betulinic_acid","Calluna","vulgaris","flower","chloroform","GC-FID-MS","Szakiel_et_al_2013","yes","TKC055288","6_6_6_6_5","BETic"
"oleanolic_acid","Calluna","vulgaris","flower","chloroform","GC-FID-MS","Szakiel_et_al_2013","yes","TKC022686","6_6_6_6_6","OL"
"3_oxo_urs_12_en_28_oic_acid","Calluna","vulgaris","flower","chloroform","GC-FID-MS","Szakiel_et_al_2013","yes","TKC056509","6_6_6_6_6","UAoxoen"
"ursolic_acid","Calluna","vulgaris","flower","chloroform","GC-FID-MS","Szakiel_et_al_2013","yes","TKC056482","6_6_6_6_6","UA"
"campesterol","Calluna","vulgaris","flower","chloroform","GC-FID-MS","Szakiel_et_al_2013","yes","TKC111676","6_6_6_5","CAMP"
"cholesterol","Calluna","vulgaris","flower","chloroform","GC-FID-MS","Szakiel_et_al_2013","yes","TKC119193","6_6_6_5","CHOL"
"sitostanol","Calluna","vulgaris","flower","chloroform","GC-FID-MS","Szakiel_et_al_2013","yes","TKC116536","6_6_6_5","SITn"
"beta_sitosterol","Calluna","vulgaris","flower","chloroform","GC-FID-MS","Szakiel_et_al_2013","yes","TKC116693","6_6_6_5","SITs"
"stigmasterol","Calluna","vulgaris","flower","chloroform","GC-FID-MS","Szakiel_et_al_2013","yes","TKC116570","6_6_6_5","STIGol"
"stigmasta_3_5_dien_7_one","Calluna","vulgaris","flower","chloroform","GC-FID-MS","Szakiel_et_al_2013","yes","TKC116403","6_6_6_5","STIG2enone"
"stigmastane_3_6_dione","Calluna","vulgaris","flower","chloroform","GC-FID-MS","Szakiel_et_al_2013","yes","TKC116470","6_6_6_5","STIG2one"
"alpha_amyrin","Calluna","vulgaris","leaf","chloroform","GC-FID-MS","Szakiel_et_al_2013","yes","TKC145932","6_6_6_6_6","aA"
"alpha_amyrenone","Calluna","vulgaris","leaf","chloroform","GC-FID-MS","Szakiel_et_al_2013","yes","TKC065524","6_6_6_6_6","aAone"
"beta_amyrin","Calluna","vulgaris","leaf","chloroform","GC-FID-MS","Szakiel_et_al_2013","yes","TKC149653","6_6_6_6_6","bA"
"betulin","Calluna","vulgaris","leaf","chloroform","GC-FID-MS","Szakiel_et_al_2013","yes","TKC057394","6_6_6_6_5","BET2ol"
"cycloartenol","Calluna","vulgaris","leaf","chloroform","GC-FID-MS","Szakiel_et_al_2013","yes","TKC047653","6_6_6_5","CYCA"
"24_methylenecycloartanol","Calluna","vulgaris","leaf","chloroform","GC-FID-MS","Szakiel_et_al_2013","yes","TKC121985","6_6_6_5","CYCAme"
"erythrodiol","Calluna","vulgaris","leaf","chloroform","GC-FID-MS","Szakiel_et_al_2013","yes","TKC120152","6_6_6_6_6","ERY"
"friedelin","Calluna","vulgaris","leaf","chloroform","GC-FID-MS","Szakiel_et_al_2013","yes","TKC053724","6_6_6_6_6","FRI"
"germanicol","Calluna","vulgaris","leaf","chloroform","GC-FID-MS","Szakiel_et_al_2013","yes","TKC143571","6_6_6_6_6","GERol"
"lupeol","Calluna","vulgaris","leaf","chloroform","GC-FID-MS","Szakiel_et_al_2013","yes","TKC121302","6_6_6_6_5","LUPol"
"oleanolic_aldehyde","Calluna","vulgaris","leaf","chloroform","GC-FID-MS","Szakiel_et_al_2013","yes","TKC058821","6_6_6_6_6","OLal"
"taraxasterol","Calluna","vulgaris","leaf","chloroform","GC-FID-MS","Szakiel_et_al_2013","yes","TKC062528","6_6_6_6_6","TARSTol"
"taraxasterone","Calluna","vulgaris","leaf","chloroform","GC-FID-MS","Szakiel_et_al_2013","yes","TKC062533","6_6_6_6_6","TARSTone"
"ursolic_aldehyde","Calluna","vulgaris","leaf","chloroform","GC-FID-MS","Szakiel_et_al_2013","yes","TKC065382","6_6_6_6_6","UAal"
"uvaol","Calluna","vulgaris","leaf","chloroform","GC-FID-MS","Szakiel_et_al_2013","yes","TKC121325","6_6_6_6_6","UV"
"betulinic_acid","Calluna","vulgaris","leaf","chloroform","GC-FID-MS","Szakiel_et_al_2013","yes","TKC055288","6_6_6_6_5","BETic"
"oleanolic_acid","Calluna","vulgaris","leaf","chloroform","GC-FID-MS","Szakiel_et_al_2013","yes","TKC022686","6_6_6_6_6","OL"
"3_oxo_urs_12_en_28_oic_acid","Calluna","vulgaris","leaf","chloroform","GC-FID-MS","Szakiel_et_al_2013","yes","TKC056509","6_6_6_6_6","UAoxoen"
"ursolic_acid","Calluna","vulgaris","leaf","chloroform","GC-FID-MS","Szakiel_et_al_2013","yes","TKC056482","6_6_6_6_6","UA"
"campesterol","Calluna","vulgaris","leaf","chloroform","GC-FID-MS","Szakiel_et_al_2013","yes","TKC111676","6_6_6_5","CAMP"
"cholesterol","Calluna","vulgaris","leaf","chloroform","GC-FID-MS","Szakiel_et_al_2013","yes","TKC119193","6_6_6_5","CHOL"
"sitostanol","Calluna","vulgaris","leaf","chloroform","GC-FID-MS","Szakiel_et_al_2013","yes","TKC116536","6_6_6_5","SITn"
"beta_sitosterol","Calluna","vulgaris","leaf","chloroform","GC-FID-MS","Szakiel_et_al_2013","yes","TKC116693","6_6_6_5","SITs"
"stigmasterol","Calluna","vulgaris","leaf","chloroform","GC-FID-MS","Szakiel_et_al_2013","yes","TKC116570","6_6_6_5","STIGol"
"stigmasta_3_5_dien_7_one","Calluna","vulgaris","leaf","chloroform","GC-FID-MS","Szakiel_et_al_2013","yes","TKC116403","6_6_6_5","STIG2enone"
"stigmastane_3_6_dione","Calluna","vulgaris","leaf","chloroform","GC-FID-MS","Szakiel_et_al_2013","yes","TKC116470","6_6_6_5","STIG2one"
"a_neooleana_3(5)_12_diene","Pyrus","pyrifolia","fruit","methanol/chloroform","GC-FID-MS","Yin_et_al_2011","yes",NA,"6_6_6_6_5","OL2en"
"stigmasta_3_5_diene","Pyrus","pyrifolia","fruit","methanol/chloroform","GC-FID-MS","Yin_et_al_2011","yes","TKC116310","6_6_6_5","STIG2en"
"aâ€™_neogammacer_22(29)_en_3_one","Pyrus","pyrifolia","fruit","methanol/chloroform","GC-FID-MS","Yin_et_al_2011","yes",NA,"6_6_6_6_5","NGC"
"6a_14a_methanopicene_perhydro_1_2_4a_6b_9_9_12a_heptamethyl_10_hydroxy_","Pyrus","pyrifolia","fruit","methanol/chloroform","GC-FID-MS","Yin_et_al_2011","yes",NA,"6_6_6_6_6","Ucyc"
"alpha_amyrin","Pyrus","pyrifolia","fruit","methanol/chloroform","GC-FID-MS","Yin_et_al_2011","yes","TKC145932","6_6_6_6_6","aA"
"hopenol_b","Pyrus","pyrifolia","fruit","methanol/chloroform","GC-FID-MS","Yin_et_al_2011","yes","TKC054878","6_6_6_6_5","HOPb"
"urs_12_en_28_al","Pyrus","pyrifolia","fruit","methanol/chloroform","GC-FID-MS","Yin_et_al_2011","yes","TKC156241","6_6_6_6_6","UAalen"
"lupeol_methyl_ether","Cocos","nucifera","leaf","chloroform","GC-FID-MS","Riedel_et_al_2009","yes",NA,"6_6_6_6_5","LUPme"
"lupeol","Cocos","nucifera","leaf","chloroform","GC-FID-MS","Riedel_et_al_2009","yes","TKC121302","6_6_6_6_5","LUPol"
"lupeol_acetate","Cocos","nucifera","leaf","chloroform","GC-FID-MS","Riedel_et_al_2009","yes","TKC146280","6_6_6_6_5","LUPace"
"isoskimmiwallin","Cocos","nucifera","leaf","chloroform","GC-FID-MS","Riedel_et_al_2009","yes",NA,"6_6_6_5","iSKI"
"isoskimmiwallin_acetate","Cocos","nucifera","leaf","chloroform","GC-FID-MS","Riedel_et_al_2009","yes","TKC065198","6_6_6_5","iSKIace"
"skimmiwallin","Cocos","nucifera","leaf","chloroform","GC-FID-MS","Riedel_et_al_2009","yes","TKC053381","6_6_6_5","SKI"
"skimmiwallin_acetate","Cocos","nucifera","leaf","chloroform","GC-FID-MS","Riedel_et_al_2009","yes","TKC053385","6_6_6_5","SKIace"
"alpha_amyrin","Macaranga","tanarius","leaf","chloroform","GC-FID-MS","Guhling_et_al_2005","yes","TKC145932","6_6_6_6_6","aA"
"beta_amyrin","Macaranga","tanarius","leaf","chloroform","GC-FID-MS","Guhling_et_al_2005","yes","TKC149653","6_6_6_6_6","bA"
"lupeol","Macaranga","tanarius","leaf","chloroform","GC-FID-MS","Guhling_et_al_2005","yes","TKC121302","6_6_6_6_5","LUPol"
"epitaraxerol","Macaranga","aetheadenia","stem","chloroform","GC-FID-MS","Markstadter_et_al_2000","yes","TKC062571","6_6_6_6_6","ETA"
"taraxerone","Macaranga","aetheadenia","stem","chloroform","GC-FID-MS","Markstadter_et_al_2000","yes",NA,"NA","TARiso"
"taraxerol","Macaranga","aetheadenia","stem","chloroform","GC-FID-MS","Markstadter_et_al_2000","yes","TKC121236","6_6_6_6_6","TARol"
"beta_amyrin","Macaranga","aetheadenia","stem","chloroform","GC-FID-MS","Markstadter_et_al_2000","yes","TKC149653","6_6_6_6_6","bA"
"friedelin","Macaranga","aetheadenia","stem","chloroform","GC-FID-MS","Markstadter_et_al_2000","yes","TKC053724","6_6_6_6_6","FRI"
"epitaraxerol","Macaranga","beccariana","stem","chloroform","GC-FID-MS","Markstadter_et_al_2000","yes","TKC062571","6_6_6_6_6","ETA"
"taraxerone","Macaranga","beccariana","stem","chloroform","GC-FID-MS","Markstadter_et_al_2000","yes",NA,"NA","TARiso"
"taraxerol","Macaranga","beccariana","stem","chloroform","GC-FID-MS","Markstadter_et_al_2000","yes","TKC121236","6_6_6_6_6","TARol"
"beta_amyrin","Macaranga","beccariana","stem","chloroform","GC-FID-MS","Markstadter_et_al_2000","yes","TKC149653","6_6_6_6_6","bA"
"friedelin","Macaranga","beccariana","stem","chloroform","GC-FID-MS","Markstadter_et_al_2000","yes","TKC053724","6_6_6_6_6","FRI"
"epitaraxerol","Macaranga","glandibracteolata","stem","chloroform","GC-FID-MS","Markstadter_et_al_2000","yes","TKC062571","6_6_6_6_6","ETA"
"taraxerone","Macaranga","glandibracteolata","stem","chloroform","GC-FID-MS","Markstadter_et_al_2000","yes",NA,"NA","TARiso"
"taraxerol","Macaranga","glandibracteolata","stem","chloroform","GC-FID-MS","Markstadter_et_al_2000","yes","TKC121236","6_6_6_6_6","TARol"
"beta_amyrin","Macaranga","glandibracteolata","stem","chloroform","GC-FID-MS","Markstadter_et_al_2000","yes","TKC149653","6_6_6_6_6","bA"
"friedelin","Macaranga","glandibracteolata","stem","chloroform","GC-FID-MS","Markstadter_et_al_2000","yes","TKC053724","6_6_6_6_6","FRI"
"epitaraxerol","Macaranga","havilandii","stem","chloroform","GC-FID-MS","Markstadter_et_al_2000","yes","TKC062571","6_6_6_6_6","ETA"
"taraxerone","Macaranga","havilandii","stem","chloroform","GC-FID-MS","Markstadter_et_al_2000","yes",NA,"NA","TARiso"
"taraxerol","Macaranga","havilandii","stem","chloroform","GC-FID-MS","Markstadter_et_al_2000","yes","TKC121236","6_6_6_6_6","TARol"
"beta_amyrin","Macaranga","havilandii","stem","chloroform","GC-FID-MS","Markstadter_et_al_2000","yes","TKC149653","6_6_6_6_6","bA"
"friedelin","Macaranga","havilandii","stem","chloroform","GC-FID-MS","Markstadter_et_al_2000","yes","TKC053724","6_6_6_6_6","FRI"
"taraxerol","Macaranga","hullettii","stem","chloroform","GC-FID-MS","Markstadter_et_al_2000","yes","TKC121236","6_6_6_6_6","TARol"
"beta_amyrin","Macaranga","hullettii","stem","chloroform","GC-FID-MS","Markstadter_et_al_2000","yes","TKC149653","6_6_6_6_6","bA"
"friedelin","Macaranga","hullettii","stem","chloroform","GC-FID-MS","Markstadter_et_al_2000","yes","TKC053724","6_6_6_6_6","FRI"
"epitaraxerol","Macaranga","hypoleuca","stem","chloroform","GC-FID-MS","Markstadter_et_al_2000","yes","TKC062571","6_6_6_6_6","ETA"
"taraxerone","Macaranga","hypoleuca","stem","chloroform","GC-FID-MS","Markstadter_et_al_2000","yes",NA,"NA","TARiso"
"taraxerol","Macaranga","hypoleuca","stem","chloroform","GC-FID-MS","Markstadter_et_al_2000","yes","TKC121236","6_6_6_6_6","TARol"
"beta_amyrin","Macaranga","hypoleuca","stem","chloroform","GC-FID-MS","Markstadter_et_al_2000","yes","TKC149653","6_6_6_6_6","bA"
"friedelin","Macaranga","hypoleuca","stem","chloroform","GC-FID-MS","Markstadter_et_al_2000","yes","TKC053724","6_6_6_6_6","FRI"
"epitaraxerol","Macaranga","hypoleuca","leaf (adaxial)","chloroform","GC-FID-MS","Markstadter_et_al_2000","yes","TKC062571","6_6_6_6_6","ETA"
"taraxerone","Macaranga","hypoleuca","leaf (adaxial)","chloroform","GC-FID-MS","Markstadter_et_al_2000","yes",NA,"NA","TARiso"
"taraxerol","Macaranga","hypoleuca","leaf (adaxial)","chloroform","GC-FID-MS","Markstadter_et_al_2000","yes","TKC121236","6_6_6_6_6","TARol"
"beta_amyrin","Macaranga","hypoleuca","leaf (adaxial)","chloroform","GC-FID-MS","Markstadter_et_al_2000","yes","TKC149653","6_6_6_6_6","bA"
"friedelin","Macaranga","hypoleuca","leaf (adaxial)","chloroform","GC-FID-MS","Markstadter_et_al_2000","yes","TKC053724","6_6_6_6_6","FRI"
"epitaraxerol","Macaranga","hypoleuca","leaf(abaxial)","chloroform","GC-FID-MS","Markstadter_et_al_2000","yes","TKC062571","6_6_6_6_6","ETA"
"taraxerone","Macaranga","hypoleuca","leaf(abaxial)","chloroform","GC-FID-MS","Markstadter_et_al_2000","yes",NA,"NA","TARiso"
"taraxerol","Macaranga","hypoleuca","leaf(abaxial)","chloroform","GC-FID-MS","Markstadter_et_al_2000","yes","TKC121236","6_6_6_6_6","TARol"
"beta_amyrin","Macaranga","hypoleuca","leaf(abaxial)","chloroform","GC-FID-MS","Markstadter_et_al_2000","yes","TKC149653","6_6_6_6_6","bA"
"friedelin","Macaranga","hypoleuca","leaf(abaxial)","chloroform","GC-FID-MS","Markstadter_et_al_2000","yes","TKC053724","6_6_6_6_6","FRI"
"epitaraxerol","Macaranga","lamellatta","stem","chloroform","GC-FID-MS","Markstadter_et_al_2000","yes","TKC062571","6_6_6_6_6","ETA"
"epitaraxerol","Macaranga","motleyana","stem","chloroform","GC-FID-MS","Markstadter_et_al_2000","yes","TKC062571","6_6_6_6_6","ETA"
"taraxerone","Macaranga","motleyana","stem","chloroform","GC-FID-MS","Markstadter_et_al_2000","yes",NA,"NA","TARiso"
"taraxerol","Macaranga","motleyana","stem","chloroform","GC-FID-MS","Markstadter_et_al_2000","yes","TKC121236","6_6_6_6_6","TARol"
"beta_amyrin","Macaranga","motleyana","stem","chloroform","GC-FID-MS","Markstadter_et_al_2000","yes","TKC149653","6_6_6_6_6","bA"
"friedelin","Macaranga","motleyana","stem","chloroform","GC-FID-MS","Markstadter_et_al_2000","yes","TKC053724","6_6_6_6_6","FRI"
"epitaraxerol","Macaranga","hosei","stem","chloroform","GC-FID-MS","Markstadter_et_al_2000","yes","TKC062571","6_6_6_6_6","ETA"
"taraxerone","Macaranga","hosei","stem","chloroform","GC-FID-MS","Markstadter_et_al_2000","yes",NA,"NA","TARiso"
"taraxerol","Macaranga","hosei","stem","chloroform","GC-FID-MS","Markstadter_et_al_2000","yes","TKC121236","6_6_6_6_6","TARol"
"beta_amyrin","Macaranga","hosei","stem","chloroform","GC-FID-MS","Markstadter_et_al_2000","yes","TKC149653","6_6_6_6_6","bA"
"friedelin","Macaranga","hosei","stem","chloroform","GC-FID-MS","Markstadter_et_al_2000","yes","TKC053724","6_6_6_6_6","FRI"
"epitaraxerol","Macaranga","pruinosa","stem","chloroform","GC-FID-MS","Markstadter_et_al_2000","yes","TKC062571","6_6_6_6_6","ETA"
"taraxerone","Macaranga","pruinosa","stem","chloroform","GC-FID-MS","Markstadter_et_al_2000","yes",NA,"NA","TARiso"
"taraxerol","Macaranga","pruinosa","stem","chloroform","GC-FID-MS","Markstadter_et_al_2000","yes","TKC121236","6_6_6_6_6","TARol"
"beta_amyrin","Macaranga","pruinosa","stem","chloroform","GC-FID-MS","Markstadter_et_al_2000","yes","TKC149653","6_6_6_6_6","bA"
"friedelin","Macaranga","pruinosa","stem","chloroform","GC-FID-MS","Markstadter_et_al_2000","yes","TKC053724","6_6_6_6_6","FRI"
"taraxerol","Macaranga","winkleri","stem","chloroform","GC-FID-MS","Markstadter_et_al_2000","yes","TKC121236","6_6_6_6_6","TARol"
"beta_amyrin","Macaranga","winkleri","stem","chloroform","GC-FID-MS","Markstadter_et_al_2000","yes","TKC149653","6_6_6_6_6","bA"
"beta_amyrin","Macaranga","tanarius","stem","chloroform","GC-FID-MS","Markstadter_et_al_2000","yes","TKC149653","6_6_6_6_6","bA"
"friedelin","Macaranga","tanarius","stem","chloroform","GC-FID-MS","Markstadter_et_al_2000","yes","TKC053724","6_6_6_6_6","FRI"
"epitaraxerol","Manihot","esculenta","stem","chloroform","GC-FID-MS","Markstadter_et_al_2000","yes","TKC062571","6_6_6_6_6","ETA"
"taraxerone","Manihot","esculenta","stem","chloroform","GC-FID-MS","Markstadter_et_al_2000","yes",NA,"NA","TARiso"
"taraxerol","Manihot","esculenta","stem","chloroform","GC-FID-MS","Markstadter_et_al_2000","yes","TKC121236","6_6_6_6_6","TARol"
"beta_amyrin","Manihot","esculenta","stem","chloroform","GC-FID-MS","Markstadter_et_al_2000","yes","TKC149653","6_6_6_6_6","bA"
"taraxeryl_formate","Sedum","amplexicaule","epicuticular wax","chloroform","TLC/GC/GC-MS","Stevens_et_al_1994","yes",NA,"6_6_6_6_6","TARfor"
"taraxeryl_acetate","Sedum","amplexicaule","epicuticular wax","chloroform","TLC/GC/GC-MS","Stevens_et_al_1994","yes","TKC121237","6_6_6_6_6","TARace"
"fernenyl_formate","Sedum","amplexicaule","epicuticular wax","chloroform","TLC/GC/GC-MS","Stevens_et_al_1994","yes",NA,"6_6_6_6_5","FERNfor"
"taraxeryl_formate","Sedum","forsterianum","epicuticular wax","chloroform","TLC/GC/GC-MS","Stevens_et_al_1994","yes",NA,"6_6_6_6_6","TARfor"
"taraxeryl_acetate","Sedum","forsterianum","epicuticular wax","chloroform","TLC/GC/GC-MS","Stevens_et_al_1994","yes","TKC121237","6_6_6_6_6","TARace"
"fernenyl_formate","Sedum","forsterianum","epicuticular wax","chloroform","TLC/GC/GC-MS","Stevens_et_al_1994","yes",NA,"6_6_6_6_5","FERNfor"
"fernenyl_acetate","Sedum","forsterianum","epicuticular wax","chloroform","TLC/GC/GC-MS","Stevens_et_al_1994","yes",NA,"6_6_6_6_5","FERNace"
"germanicyl_formate","Sedum","montanum","epicuticular wax","chloroform","TLC/GC/GC-MS","Stevens_et_al_1994","yes","TKC172369","6_6_6_6_6","GEfor"
"germanicol_acetate","Sedum","montanum","epicuticular wax","chloroform","TLC/GC/GC-MS","Stevens_et_al_1994","yes","TKC060167","6_6_6_6_6","GEace"
"taraxerone","Sedum","montanum","epicuticular wax","chloroform","TLC/GC/GC-MS","Stevens_et_al_1994","yes",NA,"NA","TARiso"
"taraxeryl_formate","Sedum","montanum","epicuticular wax","chloroform","TLC/GC/GC-MS","Stevens_et_al_1994","yes",NA,"6_6_6_6_6","TARfor"
"taraxeryl_acetate","Sedum","montanum","epicuticular wax","chloroform","TLC/GC/GC-MS","Stevens_et_al_1994","yes","TKC121237","6_6_6_6_6","TARace"
"taraxerone","Sedum","ochroleucum","epicuticular wax","chloroform","TLC/GC/GC-MS","Stevens_et_al_1994","yes",NA,"NA","TARiso"
"taraxeryl_acetate","Sedum","ochroleucum","epicuticular wax","chloroform","TLC/GC/GC-MS","Stevens_et_al_1994","yes","TKC121237","6_6_6_6_6","TARace"
"germanicyl_formate","Sedum","pruinatum","epicuticular wax","chloroform","TLC/GC/GC-MS","Stevens_et_al_1994","yes","TKC172369","6_6_6_6_6","GEfor"
"taraxerone","Sedum","pruinatum","epicuticular wax","chloroform","TLC/GC/GC-MS","Stevens_et_al_1994","yes",NA,"NA","TARiso"
"taraxerol","Sedum","pruinatum","epicuticular wax","chloroform","TLC/GC/GC-MS","Stevens_et_al_1994","yes","TKC121236","6_6_6_6_6","TARol"
"germanicyl_formate","Sedum","rupestre","epicuticular wax","chloroform","TLC/GC/GC-MS","Stevens_et_al_1994","yes","TKC172369","6_6_6_6_6","GEfor"
"taraxerone","Sedum","rupestre","epicuticular wax","chloroform","TLC/GC/GC-MS","Stevens_et_al_1994","yes",NA,"NA","TARiso"
"taraxerol","Sedum","rupestre","epicuticular wax","chloroform","TLC/GC/GC-MS","Stevens_et_al_1994","yes","TKC121236","6_6_6_6_6","TARol"
"taraxeryl_acetate","Sedum","rupestre","epicuticular wax","chloroform","TLC/GC/GC-MS","Stevens_et_al_1994","yes","TKC121237","6_6_6_6_6","TARace"
"germanicyl_formate","Sedum","sediforme","epicuticular wax","chloroform","TLC/GC/GC-MS","Stevens_et_al_1994","yes","TKC172369","6_6_6_6_6","GEfor"
"taraxeryl_acetate","Sedum","sediforme","epicuticular wax","chloroform","TLC/GC/GC-MS","Stevens_et_al_1994","yes","TKC121237","6_6_6_6_6","TARace"
"taraxerone","Euphorbia","lathyris","seedling","acetone","HPLC/CGC/GC-MS","Koops_et_al_1991","yes",NA,"NA","TARiso"
"hopenone_i","Euphorbia","lathyris","seedling","acetone","HPLC/CGC/GC-MS","Koops_et_al_1991","yes","TKC054869","6_6_6_6_5","HOPI"
"simiarenone","Euphorbia","lathyris","seedling","acetone","HPLC/CGC/GC-MS","Koops_et_al_1991","yes","TKC066446","6_6_6_6_5","SIMI"
"hopenone_ii","Euphorbia","lathyris","seedling","acetone","HPLC/CGC/GC-MS","Koops_et_al_1991","yes",NA,"6_6_6_6_5","HOPII"
"fernenone","Euphorbia","lathyris","seedling","acetone","HPLC/CGC/GC-MS","Koops_et_al_1991","yes","TKC053550","6_6_6_6_5","FERNone"
"hopenone_b","Euphorbia","lathyris","seedling","acetone","HPLC/CGC/GC-MS","Koops_et_al_1991","yes","TKC054877","6_6_6_6_5","HOPoneb"
"3_oxo_22_hydroxyhopane","Euphorbia","lathyris","seedling","acetone","HPLC/CGC/GC-MS","Koops_et_al_1991","yes",NA,"6_6_6_6_5","HOPohoxo"
"lupeol_acetate","Euphorbia","characias","leaf","chloroform","CC/TLC/GC-FID-MS","Hemmers_et_al_1988","yes","TKC146280","6_6_6_6_5","LUPace"
"beta_amyrinone","Euphorbia","characias","leaf","chloroform","CC/TLC/GC-FID-MS","Hemmers_et_al_1988","yes","TKC143539","6_6_6_6_6","bAone"
"lupenone","Euphorbia","characias","leaf","chloroform","CC/TLC/GC-FID-MS","Hemmers_et_al_1988","yes","TKC148869","6_6_6_6_5","LUPnone"
"beta_amyrin","Euphorbia","characias","leaf","chloroform","CC/TLC/GC-FID-MS","Hemmers_et_al_1988","yes","TKC149653","6_6_6_6_6","bA"
"germanicol","Euphorbia","characias","leaf","chloroform","CC/TLC/GC-FID-MS","Hemmers_et_al_1988","yes","TKC143571","6_6_6_6_6","GERol"
"alpha_amyrin","Euphorbia","characias","leaf","chloroform","CC/TLC/GC-FID-MS","Hemmers_et_al_1988","yes","TKC145932","6_6_6_6_6","aA"
"lupeol","Euphorbia","characias","leaf","chloroform","CC/TLC/GC-FID-MS","Hemmers_et_al_1988","yes","TKC121302","6_6_6_6_5","LUPol"
"beta_amyrin","Euphorbia","nicaeensis","leaf","chloroform","CC/TLC/GC-FID-MS","Hemmers_et_al_1988","yes","TKC149653","6_6_6_6_6","bA"
"alpha_amyrin","Euphorbia","nicaeensis","leaf","chloroform","CC/TLC/GC-FID-MS","Hemmers_et_al_1988","yes","TKC145932","6_6_6_6_6","aA"
"lupeol","Euphorbia","nicaeensis","leaf","chloroform","CC/TLC/GC-FID-MS","Hemmers_et_al_1988","yes","TKC121302","6_6_6_6_5","LUPol"
"beta_amyrinone","Euphorbia","peplus","leaf","chloroform","CC/TLC/GC-FID-MS","Hemmers_et_al_1988","yes","TKC143539","6_6_6_6_6","bAone"
"beta_amyrin","Euphorbia","peplus","leaf","chloroform","CC/TLC/GC-FID-MS","Hemmers_et_al_1988","yes","TKC149653","6_6_6_6_6","bA"
"lupeol","Euphorbia","peplus","leaf","chloroform","CC/TLC/GC-FID-MS","Hemmers_et_al_1988","yes","TKC121302","6_6_6_6_5","LUPol"
"simiarenone","Euphorbia","peplus","leaf","chloroform","CC/TLC/GC-FID-MS","Hemmers_et_al_1988","yes","TKC066446","6_6_6_6_5","SIMI"
"alpha_amyrin","Quercus","coccifera","leaf","trichloromethane","GC-FID-MS","Bueno_et_al_2019","yes","TKC145932","6_6_6_6_6","aA"
"beta_amyrin","Quercus","coccifera","leaf","trichloromethane","GC-FID-MS","Bueno_et_al_2019","yes","TKC149653","6_6_6_6_6","bA"
"betulin","Quercus","coccifera","leaf","trichloromethane","GC-FID-MS","Bueno_et_al_2019","yes","TKC057394","6_6_6_6_5","BET2ol"
"betulinic_acid","Quercus","coccifera","leaf","trichloromethane","GC-FID-MS","Bueno_et_al_2019","yes","TKC055288","6_6_6_6_5","BETic"
"erythrodiol","Quercus","coccifera","leaf","trichloromethane","GC-FID-MS","Bueno_et_al_2019","yes","TKC120152","6_6_6_6_6","ERY"
"friedelin","Quercus","coccifera","leaf","trichloromethane","GC-FID-MS","Bueno_et_al_2019","yes","TKC053724","6_6_6_6_6","FRI"
"germanicol","Quercus","coccifera","leaf","trichloromethane","GC-FID-MS","Bueno_et_al_2019","yes","TKC143571","6_6_6_6_6","GERol"
"germanicone","Quercus","coccifera","leaf","trichloromethane","GC-FID-MS","Bueno_et_al_2019","yes","TKC060174","6_6_6_6_6","GERone"
"lupeol","Quercus","coccifera","leaf","trichloromethane","GC-FID-MS","Bueno_et_al_2019","yes","TKC121302","6_6_6_6_5","LUPol"
"oleanolic_acid","Quercus","coccifera","leaf","trichloromethane","GC-FID-MS","Bueno_et_al_2019","yes","TKC022686","6_6_6_6_6","OL"
"ursolic_acid","Quercus","coccifera","leaf","trichloromethane","GC-FID-MS","Bueno_et_al_2019","yes","TKC056482","6_6_6_6_6","UA"
"uvaol","Quercus","coccifera","leaf","trichloromethane","GC-FID-MS","Bueno_et_al_2019","yes","TKC121325","6_6_6_6_6","UV"
"beta_sitosterol","Quercus","coccifera","leaf","trichloromethane","GC-FID-MS","Bueno_et_al_2019","yes","TKC206028","6_6_6_5","bSIT"
"alpha_amyrin","Citrus","aurantium","adaxial leaf","gum arabic","GC-FID-MS","Jetter_et_al_2016","yes","TKC145932","6_6_6_6_6","aA"
"beta_amyrin","Citrus","aurantium","adaxial leaf","gum arabic","GC-FID-MS","Jetter_et_al_2016","yes","TKC149653","6_6_6_6_6","bA"
"friedelin","Citrus","aurantium","adaxial leaf","gum arabic","GC-FID-MS","Jetter_et_al_2016","yes","TKC053724","6_6_6_6_6","FRI"
"lupenone","Citrus","aurantium","adaxial leaf","gum arabic","GC-FID-MS","Jetter_et_al_2016","yes","TKC148869","6_6_6_6_5","LUPnone"
"lupeol","Citrus","aurantium","adaxial leaf","gum arabic","GC-FID-MS","Jetter_et_al_2016","yes","TKC121302","6_6_6_6_5","LUPol"
"campesterol","Citrus","aurantium","adaxial leaf","gum arabic","GC-FID-MS","Jetter_et_al_2016","yes","TKC111676","6_6_6_5","CAMP"
"beta_sitosterol","Citrus","aurantium","adaxial leaf","gum arabic","GC-FID-MS","Jetter_et_al_2016","yes","TKC206028","6_6_6_5","bSIT"
"alpha_amyrin","Euonymus","japonica","adaxial leaf","gum arabic","GC-FID-MS","Jetter_et_al_2016","yes","TKC145932","6_6_6_6_6","aA"
"beta_amyrin","Euonymus","japonica","adaxial leaf","gum arabic","GC-FID-MS","Jetter_et_al_2016","yes","TKC149653","6_6_6_6_6","bA"
"friedelin","Euonymus","japonica","adaxial leaf","gum arabic","GC-FID-MS","Jetter_et_al_2016","yes","TKC053724","6_6_6_6_6","FRI"
"lupenone","Euonymus","japonica","adaxial leaf","gum arabic","GC-FID-MS","Jetter_et_al_2016","yes","TKC148869","6_6_6_6_5","LUPnone"
"lupeol","Euonymus","japonica","adaxial leaf","gum arabic","GC-FID-MS","Jetter_et_al_2016","yes","TKC121302","6_6_6_6_5","LUPol"
"beta_sitosterol","Euonymus","japonica","adaxial leaf","gum arabic","GC-FID-MS","Jetter_et_al_2016","yes","TKC206028","6_6_6_5","bSIT"
"alpha_amyrin","Clusia","flava","adaxial leaf","gum arabic","GC-FID-MS","Jetter_et_al_2016","yes","TKC145932","6_6_6_6_6","aA"
"beta_amyrin","Clusia","flava","adaxial leaf","gum arabic","GC-FID-MS","Jetter_et_al_2016","yes","TKC149653","6_6_6_6_6","bA"
"friedelin","Clusia","flava","adaxial leaf","gum arabic","GC-FID-MS","Jetter_et_al_2016","yes","TKC053724","6_6_6_6_6","FRI"
"lupenone","Clusia","flava","adaxial leaf","gum arabic","GC-FID-MS","Jetter_et_al_2016","yes","TKC148869","6_6_6_6_5","LUPnone"
"lupeol","Clusia","flava","adaxial leaf","gum arabic","GC-FID-MS","Jetter_et_al_2016","yes","TKC121302","6_6_6_6_5","LUPol"
"beta_sitosterol","Clusia","flava","adaxial leaf","gum arabic","GC-FID-MS","Jetter_et_al_2016","yes","TKC206028","6_6_6_5","bSIT"
"alpha_amyrin","Garcinia","spicata","adaxial leaf","gum arabic","GC-FID-MS","Jetter_et_al_2016","yes","TKC145932","6_6_6_6_6","aA"
"beta_amyrin","Garcinia","spicata","adaxial leaf","gum arabic","GC-FID-MS","Jetter_et_al_2016","yes","TKC149653","6_6_6_6_6","bA"
"friedelin","Garcinia","spicata","adaxial leaf","gum arabic","GC-FID-MS","Jetter_et_al_2016","yes","TKC053724","6_6_6_6_6","FRI"
"lupeol","Garcinia","spicata","adaxial leaf","gum arabic","GC-FID-MS","Jetter_et_al_2016","yes","TKC121302","6_6_6_6_5","LUPol"
"beta_sitosterol","Garcinia","spicata","adaxial leaf","gum arabic","GC-FID-MS","Jetter_et_al_2016","yes","TKC206028","6_6_6_5","bSIT"
"stigmasterol","Garcinia","spicata","adaxial leaf","gum arabic","GC-FID-MS","Jetter_et_al_2016","yes","TKC116570","6_6_6_5","STIGol"
"campesterol","Tetrastigma","voinierianum","adaxial leaf","gum arabic","GC-FID-MS","Jetter_et_al_2016","yes","TKC111676","6_6_6_5","CAMP"
"beta_sitosterol","Tetrastigma","voinierianum","adaxial leaf","gum arabic","GC-FID-MS","Jetter_et_al_2016","yes","TKC206028","6_6_6_5","bSIT"
"stigmasterol","Tetrastigma","voinierianum","adaxial leaf","gum arabic","GC-FID-MS","Jetter_et_al_2016","yes","TKC116570","6_6_6_5","STIGol"
"beta_sitosterol","Oreopanax","guatemalensis","adaxial leaf","gum arabic","GC-FID-MS","Jetter_et_al_2016","yes","TKC206028","6_6_6_5","bSIT"
"campesterol","Monstera","deliciosa","adaxial leaf","gum arabic","GC-FID-MS","Jetter_et_al_2016","yes","TKC111676","6_6_6_5","CAMP"
"beta_sitosterol","Monstera","deliciosa","adaxial leaf","gum arabic","GC-FID-MS","Jetter_et_al_2016","yes","TKC206028","6_6_6_5","bSIT"
"stigmasterol","Monstera","deliciosa","adaxial leaf","gum arabic","GC-FID-MS","Jetter_et_al_2016","yes","TKC116570","6_6_6_5","STIGol"
"beta_sitosterol","Schefflera","elegantissima","adaxial leaf","gum arabic","GC-FID-MS","Jetter_et_al_2016","yes","TKC206028","6_6_6_5","bSIT"
"stigmasterol","Schefflera","elegantissima","adaxial leaf","gum arabic","GC-FID-MS","Jetter_et_al_2016","yes","TKC116570","6_6_6_5","STIGol"
"betulin","Betula","pendula","cork","methanol/dichloromethane","GC-UV-MS","Ferreira_et_al_2016","yes","TKC057394","6_6_6_6_5","BET2ol"
"betulinic_acid","Betula","pendula","cork","methanol/dichloromethane","GC-UV-MS","Ferreira_et_al_2016","yes","TKC055288","6_6_6_6_5","BETic"
"betulinic_acid_methyl_ester","Betula","pendula","cork","methanol/dichloromethane","GC-UV-MS","Ferreira_et_al_2016","yes","TKC055319","6_6_6_6_5","BETme"
"erythrodiol","Betula","pendula","cork","methanol/dichloromethane","GC-UV-MS","Ferreira_et_al_2016","yes","TKC120152","6_6_6_6_6","ERY"
"lanosterol","Betula","pendula","cork","methanol/dichloromethane","GC-UV-MS","Ferreira_et_al_2016","yes","TKC057041","6_6_6_5","LAN"
"lupenone","Betula","pendula","cork","methanol/dichloromethane","GC-UV-MS","Ferreira_et_al_2016","yes","TKC148869","6_6_6_6_5","LUPnone"
"lupeol","Betula","pendula","cork","methanol/dichloromethane","GC-UV-MS","Ferreira_et_al_2016","yes","TKC121302","6_6_6_6_5","LUPol"
"beta_amyrin","Betula","pendula","cork","methanol/dichloromethane","GC-UV-MS","Ferreira_et_al_2016","yes","TKC149653","6_6_6_6_6","bA"
"oleanolic_acid","Betula","pendula","cork","methanol/dichloromethane","GC-UV-MS","Ferreira_et_al_2016","yes","TKC022686","6_6_6_6_6","OL"
"friedelin","Betula","pendula","cork","methanol/dichloromethane","GC-UV-MS","Ferreira_et_al_2016","yes","TKC053724","6_6_6_6_6","FRI"
"beta_sitosterol","Betula","pendula","cork","methanol/dichloromethane","GC-UV-MS","Ferreira_et_al_2016","yes","TKC206028","6_6_6_5","bSIT"
"betulin","Betula","pendula","phloem","methanol/dichloromethane","GC-UV-MS","Ferreira_et_al_2016","yes","TKC057394","6_6_6_6_5","BET2ol"
"betulinic_acid","Betula","pendula","phloem","methanol/dichloromethane","GC-UV-MS","Ferreira_et_al_2016","yes","TKC055288","6_6_6_6_5","BETic"
"erythrodiol","Betula","pendula","phloem","methanol/dichloromethane","GC-UV-MS","Ferreira_et_al_2016","yes","TKC120152","6_6_6_6_6","ERY"
"lupenone","Betula","pendula","phloem","methanol/dichloromethane","GC-UV-MS","Ferreira_et_al_2016","yes","TKC148869","6_6_6_6_5","LUPnone"
"lupeol","Betula","pendula","phloem","methanol/dichloromethane","GC-UV-MS","Ferreira_et_al_2016","yes","TKC121302","6_6_6_6_5","LUPol"
"oleanolic_acid","Betula","pendula","phloem","methanol/dichloromethane","GC-UV-MS","Ferreira_et_al_2016","yes","TKC022686","6_6_6_6_6","OL"
"beta_sitosterol","Betula","pendula","phloem","methanol/dichloromethane","GC-UV-MS","Ferreira_et_al_2016","yes","TKC206028","6_6_6_5","bSIT"
"cholesterol","Citrus","sinensis","fruit","chloroform","GC-FID-MS","Liu_at_al_2012","yes","TKC119193","6_6_6_5","CHOL"
"alpha_amyrin","Citrus","sinensis","fruit","chloroform","GC-FID-MS","Liu_at_al_2012","yes","TKC145932","6_6_6_6_6","aA"
"beta_amyrin","Citrus","sinensis","fruit","chloroform","GC-FID-MS","Liu_at_al_2012","yes","TKC149653","6_6_6_6_6","bA"
"lupeol_acetate","Citrus","sinensis","fruit","chloroform","GC-FID-MS","Liu_at_al_2012","yes","TKC146280","6_6_6_6_5","LUPace"
"friedelin","Citrus","sinensis","fruit","chloroform","GC-FID-MS","Liu_at_al_2012","yes","TKC053724","6_6_6_6_6","FRI"
"delta_amyrin","Solanum","lycopersicum","fruit","chloroform","GC-FID-MS","Wang_et_al_2011","yes","TKC149762","6_6_6_6_6","dA"
"beta_amyrin","Solanum","lycopersicum","fruit","chloroform","GC-FID-MS","Wang_et_al_2011","yes","TKC149653","6_6_6_6_6","bA"
"alpha_amyrin","Solanum","lycopersicum","fruit","chloroform","GC-FID-MS","Wang_et_al_2011","yes","TKC145932","6_6_6_6_6","aA"
"lupeol","Solanum","lycopersicum","fruit","chloroform","GC-FID-MS","Wang_et_al_2011","yes","TKC121302","6_6_6_6_5","LUPol"
"glutinol","Kalanchoe","daigremontiana","abaxial leaf","gum arabic","GC-MS","Van Maarseveen_et_al_2009","yes","TKC053916","6_6_6_6_6","GL"
"glutinol_acetate","Kalanchoe","daigremontiana","abaxial leaf","gum arabic","GC-MS","Van Maarseveen_et_al_2009","yes","TKC053917","6_6_6_6_6","GLace"
"friedelin","Kalanchoe","daigremontiana","abaxial leaf","gum arabic","GC-MS","Van Maarseveen_et_al_2009","yes","TKC053724","6_6_6_6_6","FRI"
"epifriedelanol","Kalanchoe","daigremontiana","abaxial leaf","gum arabic","GC-MS","Van Maarseveen_et_al_2009","yes","TKC053726","6_6_6_6_6","EFRI"
"germanicol","Kalanchoe","daigremontiana","abaxial leaf","gum arabic","GC-MS","Van Maarseveen_et_al_2009","yes","TKC143571","6_6_6_6_6","GERol"
"beta_amyrin","Kalanchoe","daigremontiana","abaxial leaf","gum arabic","GC-MS","Van Maarseveen_et_al_2009","yes","TKC149653","6_6_6_6_6","bA"
"glutinol","Kalanchoe","daigremontiana","adaxial leaf","gum arabic","GC-MS","Van Maarseveen_et_al_2009","yes","TKC053916","6_6_6_6_6","GL"
"glutinol_acetate","Kalanchoe","daigremontiana","adaxial leaf","gum arabic","GC-MS","Van Maarseveen_et_al_2009","yes","TKC053917","6_6_6_6_6","GLace"
"friedelin","Kalanchoe","daigremontiana","adaxial leaf","gum arabic","GC-MS","Van Maarseveen_et_al_2009","yes","TKC053724","6_6_6_6_6","FRI"
"epifriedelanol","Kalanchoe","daigremontiana","adaxial leaf","gum arabic","GC-MS","Van Maarseveen_et_al_2009","yes","TKC053726","6_6_6_6_6","EFRI"
"germanicol","Kalanchoe","daigremontiana","adaxial leaf","gum arabic","GC-MS","Van Maarseveen_et_al_2009","yes","TKC143571","6_6_6_6_6","GERol"
"beta_amyrin","Kalanchoe","daigremontiana","adaxial leaf","gum arabic","GC-MS","Van Maarseveen_et_al_2009","yes","TKC149653","6_6_6_6_6","bA"
"ursolic_acid","Ligustrum","vulgare","adaxial leaf (intra)","chloroform","GC-FID-MS","Buschhaus_et_al_2007","yes","TKC056482","6_6_6_6_6","UA"
"oleanolic_acid","Ligustrum","vulgare","adaxial leaf (intra)","chloroform","GC-FID-MS","Buschhaus_et_al_2007","yes","TKC022686","6_6_6_6_6","OL"
"lupeol","Brassica","oleracea","leaf","dichloromethane","HPLC-UV-MS","Martelanc_et_al_2007","yes","TKC121302","6_6_6_6_5","LUPol"
"beta_amyrin","Brassica","oleracea","leaf","dichloromethane","HPLC-UV-MS","Martelanc_et_al_2007","yes","TKC149653","6_6_6_6_6","bA"
"alpha_amyrin","Brassica","oleracea","leaf","dichloromethane","HPLC-UV-MS","Martelanc_et_al_2007","yes","TKC145932","6_6_6_6_6","aA"
"fernene","Rosa","canina","adaxial leaf","chloroform","GC-FID-MS","Buschhaus_et_al_2007","yes","TKC053520","6_6_6_6_5","FERN"
"alpha_amyrin","Rosa","canina","adaxial leaf","chloroform","GC-FID-MS","Buschhaus_et_al_2007","yes","TKC145932","6_6_6_6_6","aA"
"beta_amyrin","Rosa","canina","adaxial leaf","chloroform","GC-FID-MS","Buschhaus_et_al_2007","yes","TKC149653","6_6_6_6_6","bA"
"lupeol","Rosa","canina","adaxial leaf","chloroform","GC-FID-MS","Buschhaus_et_al_2007","yes","TKC121302","6_6_6_6_5","LUPol"
"alpha_amyrenyl_palmitate","Rosa","canina","adaxial leaf","chloroform","GC-FID-MS","Buschhaus_et_al_2007","yes","TKC065518","6_6_6_6_6","aApal"
"alpha_amyrenyl_stearate","Rosa","canina","adaxial leaf","chloroform","GC-FID-MS","Buschhaus_et_al_2007","yes",NA,"6_6_6_6_6","aAste"
"beta_amyrenyl_palmitate","Rosa","canina","adaxial leaf","chloroform","GC-FID-MS","Buschhaus_et_al_2007","yes","TKC060141","6_6_6_6_6","bApal"
"beta_amyrenyl_stearate","Rosa","canina","adaxial leaf","chloroform","GC-FID-MS","Buschhaus_et_al_2007","yes",NA,"6_6_6_6_6","bAste"
"oleanolic_acid","Rosa","canina","adaxial leaf","chloroform","GC-FID-MS","Buschhaus_et_al_2007","yes","TKC022686","6_6_6_6_6","OL"
"ursolic_acid","Rosa","canina","adaxial leaf","chloroform","GC-FID-MS","Buschhaus_et_al_2007","yes","TKC056482","6_6_6_6_6","UA"
"hederagenin","Rosa","canina","adaxial leaf","chloroform","GC-FID-MS","Buschhaus_et_al_2007","yes","TKC071640","6_6_6_6_6","HED"
"friedelin","Quercus","suber","cork","supercritical CO2","C13 NMR","Castola_et_al_2005","yes","TKC053724","6_6_6_6_6","FRI"
"betulinic_acid","Quercus","suber","cork","supercritical CO2","C13 NMR","Castola_et_al_2005","yes","TKC055288","6_6_6_6_5","BETic"
"betulin","Quercus","suber","cork","supercritical CO2","C13 NMR","Castola_et_al_2005","yes","TKC057394","6_6_6_6_5","BET2ol"
"beta_sitosterol","Quercus","suber","cork","supercritical CO2","C13 NMR","Castola_et_al_2005","yes","TKC206028","6_6_6_5","bSIT"
"friedelin","Quercus","suber","cork","dichloromethane","C13 NMR","Castola_et_al_2005","yes","TKC053724","6_6_6_6_6","FRI"
"betulinic_acid","Quercus","suber","cork","dichloromethane","C13 NMR","Castola_et_al_2005","yes","TKC055288","6_6_6_6_5","BETic"
"betulin","Quercus","suber","cork","dichloromethane","C13 NMR","Castola_et_al_2005","yes","TKC057394","6_6_6_6_5","BET2ol"
"alpha_amyrin","Ricinus","communis","glossy stem","chloroform","GC-FID-MS","Guhling_et_al_2006","yes","TKC145932","6_6_6_6_6","aA"
"beta_amyrin","Ricinus","communis","glossy stem","chloroform","GC-FID-MS","Guhling_et_al_2006","yes","TKC149653","6_6_6_6_6","bA"
"lupeol","Ricinus","communis","glossy stem","chloroform","GC-FID-MS","Guhling_et_al_2006","yes","TKC121302","6_6_6_6_5","LUPol"
"taraxerol","Ricinus","communis","glossy stem","chloroform","GC-FID-MS","Guhling_et_al_2006","yes","TKC121236","6_6_6_6_6","TARol"
"alpha_amyrin","Ricinus","communis","glaucous stem","chloroform","GC-FID-MS","Guhling_et_al_2006","yes","TKC145932","6_6_6_6_6","aA"
"beta_amyrin","Ricinus","communis","glaucous stem","chloroform","GC-FID-MS","Guhling_et_al_2006","yes","TKC149653","6_6_6_6_6","bA"
"lupeol","Ricinus","communis","glaucous stem","chloroform","GC-FID-MS","Guhling_et_al_2006","yes","TKC121302","6_6_6_6_5","LUPol"
"taraxerol","Ricinus","communis","glaucous stem","chloroform","GC-FID-MS","Guhling_et_al_2006","yes","TKC121236","6_6_6_6_6","TARol"
"lupenone","Ricinus","communis","glaucous stem","chloroform","GC-FID-MS","Guhling_et_al_2006","yes","TKC148869","6_6_6_6_5","LUPnone"
"oleanolic_acid","Bystropogon","canariensis","leaf/stem","chloroform","H1/C13 NMR","Wollenweber_et_al_1999","yes","TKC022686","6_6_6_6_6","OL"
"ursolic_acid","Bystropogon","canariensis","leaf/stem","chloroform","H1/C13 NMR","Wollenweber_et_al_1999","yes","TKC056482","6_6_6_6_6","UA"
"betulin","Bystropogon","canariensis","leaf/stem","chloroform","H1/C13 NMR","Wollenweber_et_al_1999","yes","TKC057394","6_6_6_6_5","BET2ol"
"lupeol","Cussonia","spicata","leaf/stem","chloroform","H1/C13 NMR","Wollenweber_et_al_1999","yes","TKC121302","6_6_6_6_5","LUPol"
"alpha_amyrin","Cussonia","spicata","leaf/stem","chloroform","H1/C13 NMR","Wollenweber_et_al_1999","yes","TKC145932","6_6_6_6_6","aA"
"beta_amyrin","Cussonia","spicata","leaf/stem","chloroform","H1/C13 NMR","Wollenweber_et_al_1999","yes","TKC149653","6_6_6_6_6","bA"
"betulin","Cussonia","spicata","leaf/stem","chloroform","H1/C13 NMR","Wollenweber_et_al_1999","yes","TKC057394","6_6_6_6_5","BET2ol"
"alpha_amyrin_acetate","Cyphostemma","juttae","leaf/stem","chloroform","H1/C13 NMR","Wollenweber_et_al_1999","yes","TKC148182","6_6_6_6_6","aAace"
"beta_amyrin_acetate","Cyphostemma","juttae","leaf/stem","chloroform","H1/C13 NMR","Wollenweber_et_al_1999","yes","TKC148168","6_6_6_6_6","bAace"
"germanicol_acetate","Cyphostemma","juttae","leaf/stem","chloroform","H1/C13 NMR","Wollenweber_et_al_1999","yes","TKC060167","6_6_6_6_6","GEace"
"alpha_amyrin","Dendranthema","nipponica","leaf/stem","chloroform","H1/C13 NMR","Wollenweber_et_al_1999","yes","TKC145932","6_6_6_6_6","aA"
"beta_amyrin","Dendranthema","nipponica","leaf/stem","chloroform","H1/C13 NMR","Wollenweber_et_al_1999","yes","TKC149653","6_6_6_6_6","bA"
"lupeone","Dendranthema","nipponica","leaf/stem","chloroform","H1/C13 NMR","Wollenweber_et_al_1999","yes","TKC152666","6_6_6_6_5","LUPone"
"oleanolic_acid","Phoradendron","juniperinum","leaf/stem","chloroform","H1/C13 NMR","Wollenweber_et_al_1999","yes","TKC022686","6_6_6_6_6","OL"
"alpha_amyrin","Sedum","morganianum","leaf/stem","chloroform","H1/C13 NMR","Wollenweber_et_al_1999","yes","TKC145932","6_6_6_6_6","aA"
"beta_amyrin","Sedum","morganianum","leaf/stem","chloroform","H1/C13 NMR","Wollenweber_et_al_1999","yes","TKC149653","6_6_6_6_6","bA"
"beta_amyrin_acetate","Sedum","morganianum","leaf/stem","chloroform","H1/C13 NMR","Wollenweber_et_al_1999","yes","TKC148168","6_6_6_6_6","bAace"
"beta_amyrin_acetate","Sinofranchetia","sinensis","leaf/stem","chloroform","H1/C13 NMR","Wollenweber_et_al_1999","yes","TKC148168","6_6_6_6_6","bAace"
"germanicol_acetate","Sinofranchetia","sinensis","leaf/stem","chloroform","H1/C13 NMR","Wollenweber_et_al_1999","yes","TKC060167","6_6_6_6_6","GEace"
"oleanolic_acid","Xerosicyos","danguyi","leaf/stem","chloroform","H1/C13 NMR","Wollenweber_et_al_1999","yes","TKC022686","6_6_6_6_6","OL"
"ursolic_acid","Xerosicyos","danguyi","leaf/stem","chloroform","H1/C13 NMR","Wollenweber_et_al_1999","yes","TKC056482","6_6_6_6_6","UA"
"alpha_amyrin","Vaccinium","myrtillus","fruit","chloroform","GC-MS","Trivedi_et_al_2019","yes","TKC145932","6_6_6_6_6","aA"
"beta_amyrin","Vaccinium","myrtillus","fruit","chloroform","GC-MS","Trivedi_et_al_2019","yes","TKC149653","6_6_6_6_6","bA"
"lupeol","Vaccinium","myrtillus","fruit","chloroform","GC-MS","Trivedi_et_al_2019","yes","TKC121302","6_6_6_6_5","LUPol"
"oleanolic_acid","Vaccinium","myrtillus","fruit","chloroform","GC-MS","Trivedi_et_al_2019","yes","TKC022686","6_6_6_6_6","OL"
"ursolic_acid","Vaccinium","myrtillus","fruit","chloroform","GC-MS","Trivedi_et_al_2019","yes","TKC056482","6_6_6_6_6","UA"
"adriaticol","Vaccinium","myrtillus","fruit","chloroform","GC-MS","Trivedi_et_al_2019","yes","TKC053549","6_6_6_6_5","ADR"
"uvaol","Vaccinium","myrtillus","fruit","chloroform","GC-MS","Trivedi_et_al_2019","yes","TKC121325","6_6_6_6_6","UV"
"alpha_amyrin","Vaccinium","uliginosum","fruit","chloroform","GC-MS","Trivedi_et_al_2019","yes","TKC145932","6_6_6_6_6","aA"
"beta_amyrin","Vaccinium","uliginosum","fruit","chloroform","GC-MS","Trivedi_et_al_2019","yes","TKC149653","6_6_6_6_6","bA"
"lupeol","Vaccinium","uliginosum","fruit","chloroform","GC-MS","Trivedi_et_al_2019","yes","TKC121302","6_6_6_6_5","LUPol"
"oleanolic_acid","Vaccinium","uliginosum","fruit","chloroform","GC-MS","Trivedi_et_al_2019","yes","TKC022686","6_6_6_6_6","OL"
"ursolic_acid","Vaccinium","uliginosum","fruit","chloroform","GC-MS","Trivedi_et_al_2019","yes","TKC056482","6_6_6_6_6","UA"
"adriaticol","Vaccinium","uliginosum","fruit","chloroform","GC-MS","Trivedi_et_al_2019","yes","TKC053549","6_6_6_6_5","ADR"
"uvaol","Vaccinium","uliginosum","fruit","chloroform","GC-MS","Trivedi_et_al_2019","yes","TKC121325","6_6_6_6_6","UV"
"alpha_amyrin","Empretrum","nigrum","fruit","chloroform","GC-MS","Trivedi_et_al_2019","yes","TKC145932","6_6_6_6_6","aA"
"beta_amyrin","Empretrum","nigrum","fruit","chloroform","GC-MS","Trivedi_et_al_2019","yes","TKC149653","6_6_6_6_6","bA"
"lupeol","Empretrum","nigrum","fruit","chloroform","GC-MS","Trivedi_et_al_2019","yes","TKC121302","6_6_6_6_5","LUPol"
"oleanolic_acid","Empretrum","nigrum","fruit","chloroform","GC-MS","Trivedi_et_al_2019","yes","TKC022686","6_6_6_6_6","OL"
"ursolic_acid","Empretrum","nigrum","fruit","chloroform","GC-MS","Trivedi_et_al_2019","yes","TKC056482","6_6_6_6_6","UA"
"adriaticol","Empretrum","nigrum","fruit","chloroform","GC-MS","Trivedi_et_al_2019","yes","TKC053549","6_6_6_6_5","ADR"
"uvaol","Empretrum","nigrum","fruit","chloroform","GC-MS","Trivedi_et_al_2019","yes","TKC121325","6_6_6_6_6","UV"
"alpha_amyrin","Vaccinium","vitis-idaea","fruit","chloroform","GC-MS","Trivedi_et_al_2019","yes","TKC145932","6_6_6_6_6","aA"
"beta_amyrin","Vaccinium","vitis-idaea","fruit","chloroform","GC-MS","Trivedi_et_al_2019","yes","TKC149653","6_6_6_6_6","bA"
"lupeol","Vaccinium","vitis-idaea","fruit","chloroform","GC-MS","Trivedi_et_al_2019","yes","TKC121302","6_6_6_6_5","LUPol"
"oleanolic_acid","Vaccinium","vitis-idaea","fruit","chloroform","GC-MS","Trivedi_et_al_2019","yes","TKC022686","6_6_6_6_6","OL"
"ursolic_acid","Vaccinium","vitis-idaea","fruit","chloroform","GC-MS","Trivedi_et_al_2019","yes","TKC056482","6_6_6_6_6","UA"
"adriaticol","Vaccinium","vitis-idaea","fruit","chloroform","GC-MS","Trivedi_et_al_2019","yes","TKC053549","6_6_6_6_5","ADR"
"uvaol","Vaccinium","vitis-idaea","fruit","chloroform","GC-MS","Trivedi_et_al_2019","yes","TKC121325","6_6_6_6_6","UV"
"beta_amyrin_acetate","Dudleya","farinosa","epicuticular wax","diethyl ether/ chloroform","IR-TLC","Manheim_et_al_1978","yes","TKC148168","6_6_6_6_6","bAace"
"taraxerone","Dudleya","farinosa","epicuticular wax","diethyl ether/ chloroform","IR-TLC","Manheim_et_al_1978","yes",NA,"NA","TARiso"
"beta_amyrin_acetate","Dudleya","brittonii","epicuticular wax","diethyl ether/ chloroform","IR-TLC","Manheim_et_al_1978","yes","TKC148168","6_6_6_6_6","bAace"
"taraxerone","Dudleya","brittonii","epicuticular wax","diethyl ether/ chloroform","IR-TLC","Manheim_et_al_1978","yes",NA,"NA","TARiso"
